run_id,collected_at,signal_id,domain,source_name,source_type,status,value,value_date,unit,severity,state,confidence,trend,trend_window,keyword_hits,negative_space,source_url,error
20260522T085320Z,2026-05-22T08:53:51+00:00,fred_financial_stress_stlfsi4,banking_cre,FRED St. Louis Fed Financial Stress Index,csv,error,,,index,25,negative_space,0.05,,,,True,https://fred.stlouisfed.org/graph/fredgraph.csv?id=STLFSI4,"HTTPSConnectionPool(host='fred.stlouisfed.org', port=443): Read timed out. (read timeout=30)"
20260522T085320Z,2026-05-22T08:54:21+00:00,fred_cre_delinquency_all_banks,banking_cre,FRED commercial real estate delinquency rate,csv,error,,,percent,25,negative_space,0.05,,,,True,https://fred.stlouisfed.org/graph/fredgraph.csv?id=DRSFRMACBS,"HTTPSConnectionPool(host='fred.stlouisfed.org', port=443): Read timed out. (read timeout=30)"
20260522T085320Z,2026-05-22T08:54:22+00:00,federal_reserve_stress_test_watch,banking_cre,Federal Reserve stress test page watch,text_watch,ok,,,keyword_hits,85,critical,0.5,,,8,False,https://www.federalreserve.gov/supervisionreg/dfa-stress-tests.htm,
20260522T085320Z,2026-05-22T08:54:22+00:00,fao_food_price_index_watch,food,FAO Food Price Index watch,text_watch,ok,,,keyword_hits,85,critical,0.5,,,46,False,https://www.fao.org/worldfoodsituation/foodpricesindex/en/,
20260522T085320Z,2026-05-22T08:54:23+00:00,world_bank_commodities_food_watch,food,World Bank commodity food market watch,text_watch,ok,,,keyword_hits,85,critical,0.5,,,40,False,https://www.worldbank.org/en/research/commodity-markets,
20260522T085320Z,2026-05-22T08:54:42+00:00,gdelt_food_shortage_watch,food,GDELT food shortage / food inflation volume,gdelt_timeline,ok,126470.0,,gdelt_timeline_volume,90,critical,0.75,,,,False,https://api.gdeltproject.org/api/v2/doc/doc?query=%28%22food+shortage%22+OR+%22food+crisis%22+OR+%22food+price+inflation%22+OR+%22fertilizer+shortage%22%29&mode=timelinevolinfo&format=json&timespan=7d,
20260522T085320Z,2026-05-22T08:54:43+00:00,us_drought_monitor_data_watch,water,U.S. Drought Monitor data download watch,text_watch,ok,,,keyword_hits,85,critical,0.5,,,36,False,https://droughtmonitor.unl.edu/DmData/DataDownload.aspx,
20260522T085320Z,2026-05-22T08:54:44+00:00,nasa_grace_groundwater_watch,water,NASA GRACE groundwater watch,text_watch,ok,,,keyword_hits,85,critical,0.5,,,38,False,https://grace.jpl.nasa.gov/,
20260522T085320Z,2026-05-22T08:55:00+00:00,gdelt_water_shortage_watch,water,GDELT water shortage / rationing volume,gdelt_timeline,ok,62071.0,,gdelt_timeline_volume,90,critical,0.75,,,,False,https://api.gdeltproject.org/api/v2/doc/doc?query=%28%22water+shortage%22+OR+%22water+rationing%22+OR+%22aquifer+depletion%22+OR+%22reservoir+levels%22%29&mode=timelinevolinfo&format=json&timespan=7d,
20260522T085320Z,2026-05-22T08:55:02+00:00,usgs_mineral_commodity_summaries_watch,critical_minerals,USGS mineral commodity summaries watch,text_watch,ok,,,keyword_hits,5,monitor,0.5,,,0,False,https://www.usgs.gov/centers/national-minerals-information-center/mineral-commodity-summaries,
20260522T085320Z,2026-05-22T08:55:29+00:00,gdelt_copper_lithium_shortage_watch,critical_minerals,GDELT copper / lithium shortage volume,gdelt_timeline,ok,11191.0,,gdelt_timeline_volume,90,critical,0.75,,,,False,https://api.gdeltproject.org/api/v2/doc/doc?query=%28%22copper+shortage%22+OR+%22lithium+deficit%22+OR+%22critical+minerals+shortage%22+OR+%22battery+minerals+shortage%22%29&mode=timelinevolinfo&format=json&timespan=7d,
20260522T085320Z,2026-05-22T08:55:30+00:00,pew_public_trust_watch,institutional_trust,Pew public trust in government watch,text_watch,error,,,,25,negative_space,0.05,,,,True,https://www.pewresearch.org/politics/2024/06/24/public-trust-in-government-1958-2024/,403 Client Error: Forbidden for url: https://www.pewresearch.org/politics/2024/06/24/public-trust-in-government-1958-2024/
20260522T085320Z,2026-05-22T08:55:52+00:00,gdelt_polarization_legitimacy_watch,institutional_trust,GDELT polarization / legitimacy stress volume,gdelt_timeline,ok,231008.0,,gdelt_timeline_volume,90,critical,0.75,,,,False,https://api.gdeltproject.org/api/v2/doc/doc?query=%28%22political+polarization%22+OR+%22institutional+trust%22+OR+%22government+legitimacy%22+OR+%22elected+officials%22%29&mode=timelinevolinfo&format=json&timespan=7d,
20260522T085320Z,2026-05-22T08:56:25+00:00,gdelt_supply_chain_disruption_watch,supply_chain,GDELT supply chain disruption volume,gdelt_timeline,error,,,gdelt_timeline_volume,25,negative_space,0.05,,,,True,"(""supply chain disruption"" OR ""port congestion"" OR ""shipping disruption"" OR ""trade bottleneck"")","HTTPSConnectionPool(host='api.gdeltproject.org', port=443): Read timed out. (read timeout=30)"
20260522T085320Z,2026-05-22T08:57:06+00:00,gdelt_civil_unrest_watch,civil_unrest,GDELT protest / riot / unrest volume,gdelt_timeline,ok,371278.0,,gdelt_timeline_volume,90,critical,0.75,,,,False,https://api.gdeltproject.org/api/v2/doc/doc?query=%28%22civil+unrest%22+OR+protest+OR+riot+OR+%22mass+demonstration%22%29&mode=timelinevolinfo&format=json&timespan=7d,
20260522T142547Z,2026-05-22T14:26:17+00:00,fred_financial_stress_stlfsi4,banking_cre,FRED St. Louis Fed Financial Stress Index,csv,error,,,index,25,negative_space,0.05,,,,True,https://fred.stlouisfed.org/graph/fredgraph.csv?id=STLFSI4,"HTTPSConnectionPool(host='fred.stlouisfed.org', port=443): Read timed out. (read timeout=30)"
20260522T142547Z,2026-05-22T14:26:48+00:00,fred_cre_delinquency_all_banks,banking_cre,FRED commercial real estate delinquency rate,csv,error,,,percent,25,negative_space,0.05,,,,True,https://fred.stlouisfed.org/graph/fredgraph.csv?id=DRSFRMACBS,"HTTPSConnectionPool(host='fred.stlouisfed.org', port=443): Read timed out. (read timeout=30)"
20260522T142547Z,2026-05-22T14:26:49+00:00,federal_reserve_stress_test_watch,banking_cre,Federal Reserve stress test page watch,text_watch,ok,,,keyword_hits,85,critical,0.5,,,8,False,https://www.federalreserve.gov/supervisionreg/dfa-stress-tests.htm,
20260522T142547Z,2026-05-22T14:26:49+00:00,fao_food_price_index_watch,food,FAO Food Price Index watch,text_watch,ok,,,keyword_hits,85,critical,0.5,,,46,False,https://www.fao.org/worldfoodsituation/foodpricesindex/en/,
20260522T142547Z,2026-05-22T14:26:50+00:00,world_bank_commodities_food_watch,food,World Bank commodity food market watch,text_watch,ok,,,keyword_hits,85,critical,0.5,,,40,False,https://www.worldbank.org/en/research/commodity-markets,
20260522T142547Z,2026-05-22T14:27:21+00:00,gdelt_food_shortage_watch,food,GDELT food shortage / food inflation volume,gdelt_timeline,error,,,gdelt_timeline_volume,25,negative_space,0.05,,,,True,"(""food shortage"" OR ""food crisis"" OR ""food price inflation"" OR ""fertilizer shortage"")","HTTPSConnectionPool(host='api.gdeltproject.org', port=443): Max retries exceeded with url: /api/v2/doc/doc?query=%28%22food+shortage%22+OR+%22food+crisis%22+OR+%22food+price+inflation%22+OR+%22fertilizer+shortage%22%29&mode=timelinevolinfo&format=json&timespan=7d (Caused by ConnectTimeoutError(<HTTPSConnection(host='api.gdeltproject.org', port=443) at 0x7fa85264be50>, 'Connection to api.gdeltproject.org timed out. (connect timeout=30)'))"
20260522T142547Z,2026-05-22T14:27:21+00:00,us_drought_monitor_data_watch,water,U.S. Drought Monitor data download watch,text_watch,ok,,,keyword_hits,85,critical,0.5,,,36,False,https://droughtmonitor.unl.edu/DmData/DataDownload.aspx,
20260522T142547Z,2026-05-22T14:27:23+00:00,nasa_grace_groundwater_watch,water,NASA GRACE groundwater watch,text_watch,ok,,,keyword_hits,85,critical,0.5,,,38,False,https://grace.jpl.nasa.gov/,
20260522T142547Z,2026-05-22T14:27:37+00:00,gdelt_water_shortage_watch,water,GDELT water shortage / rationing volume,gdelt_timeline,error,,,gdelt_timeline_volume,25,negative_space,0.05,,,,True,"(""water shortage"" OR ""water rationing"" OR ""aquifer depletion"" OR ""reservoir levels"")",429 Client Error: Too Many Requests for url: https://api.gdeltproject.org/api/v2/doc/doc?query=%28%22water+shortage%22+OR+%22water+rationing%22+OR+%22aquifer+depletion%22+OR+%22reservoir+levels%22%29&mode=timelinevolinfo&format=json&timespan=7d
20260522T142547Z,2026-05-22T14:27:39+00:00,usgs_mineral_commodity_summaries_watch,critical_minerals,USGS mineral commodity summaries watch,text_watch,ok,,,keyword_hits,5,monitor,0.5,,,0,False,https://www.usgs.gov/centers/national-minerals-information-center/mineral-commodity-summaries,
20260522T142547Z,2026-05-22T14:27:50+00:00,gdelt_copper_lithium_shortage_watch,critical_minerals,GDELT copper / lithium shortage volume,gdelt_timeline,error,,,gdelt_timeline_volume,25,negative_space,0.05,,,,True,"(""copper shortage"" OR ""lithium deficit"" OR ""critical minerals shortage"" OR ""battery minerals shortage"")",429 Client Error: Too Many Requests for url: https://api.gdeltproject.org/api/v2/doc/doc?query=%28%22copper+shortage%22+OR+%22lithium+deficit%22+OR+%22critical+minerals+shortage%22+OR+%22battery+minerals+shortage%22%29&mode=timelinevolinfo&format=json&timespan=7d
20260522T142547Z,2026-05-22T14:27:52+00:00,pew_public_trust_watch,institutional_trust,Pew public trust in government watch,text_watch,ok,,,keyword_hits,85,critical,0.5,,,80,False,https://www.pewresearch.org/politics/2024/06/24/public-trust-in-government-1958-2024/,
20260522T142547Z,2026-05-22T14:27:58+00:00,gdelt_polarization_legitimacy_watch,institutional_trust,GDELT polarization / legitimacy stress volume,gdelt_timeline,error,,,gdelt_timeline_volume,25,negative_space,0.05,,,,True,"(""political polarization"" OR ""institutional trust"" OR ""government legitimacy"" OR ""elected officials"")",429 Client Error: Too Many Requests for url: https://api.gdeltproject.org/api/v2/doc/doc?query=%28%22political+polarization%22+OR+%22institutional+trust%22+OR+%22government+legitimacy%22+OR+%22elected+officials%22%29&mode=timelinevolinfo&format=json&timespan=7d
20260522T142547Z,2026-05-22T14:28:10+00:00,gdelt_supply_chain_disruption_watch,supply_chain,GDELT supply chain disruption volume,gdelt_timeline,error,,,gdelt_timeline_volume,25,negative_space,0.05,,,,True,"(""supply chain disruption"" OR ""port congestion"" OR ""shipping disruption"" OR ""trade bottleneck"")",429 Client Error: Too Many Requests for url: https://api.gdeltproject.org/api/v2/doc/doc?query=%28%22supply+chain+disruption%22+OR+%22port+congestion%22+OR+%22shipping+disruption%22+OR+%22trade+bottleneck%22%29&mode=timelinevolinfo&format=json&timespan=7d
20260522T142547Z,2026-05-22T14:28:26+00:00,gdelt_civil_unrest_watch,civil_unrest,GDELT protest / riot / unrest volume,gdelt_timeline,ok,368551.0,,gdelt_timeline_volume,90,critical,0.75,,,,False,https://api.gdeltproject.org/api/v2/doc/doc?query=%28%22civil+unrest%22+OR+protest+OR+riot+OR+%22mass+demonstration%22%29&mode=timelinevolinfo&format=json&timespan=7d,
20260522T192647Z,2026-05-22T19:27:17+00:00,fred_financial_stress_stlfsi4,banking_cre,FRED St. Louis Fed Financial Stress Index,csv,error,,,index,25,negative_space,0.05,,,,True,https://fred.stlouisfed.org/graph/fredgraph.csv?id=STLFSI4,"HTTPSConnectionPool(host='fred.stlouisfed.org', port=443): Read timed out. (read timeout=30)"
20260522T192647Z,2026-05-22T19:27:47+00:00,fred_cre_delinquency_all_banks,banking_cre,FRED commercial real estate delinquency rate,csv,error,,,percent,25,negative_space,0.05,,,,True,https://fred.stlouisfed.org/graph/fredgraph.csv?id=DRSFRMACBS,"HTTPSConnectionPool(host='fred.stlouisfed.org', port=443): Read timed out. (read timeout=30)"
20260522T192647Z,2026-05-22T19:27:48+00:00,federal_reserve_stress_test_watch,banking_cre,Federal Reserve stress test page watch,text_watch,ok,,,keyword_hits,85,critical,0.5,,,8,False,https://www.federalreserve.gov/supervisionreg/dfa-stress-tests.htm,
20260522T192647Z,2026-05-22T19:27:49+00:00,fao_food_price_index_watch,food,FAO Food Price Index watch,text_watch,ok,,,keyword_hits,85,critical,0.5,,,46,False,https://www.fao.org/worldfoodsituation/foodpricesindex/en/,
20260522T192647Z,2026-05-22T19:27:49+00:00,world_bank_commodities_food_watch,food,World Bank commodity food market watch,text_watch,ok,,,keyword_hits,85,critical,0.5,,,40,False,https://www.worldbank.org/en/research/commodity-markets,
20260522T192647Z,2026-05-22T19:28:09+00:00,gdelt_food_shortage_watch,food,GDELT food shortage / food inflation volume,gdelt_timeline,ok,130544.0,,gdelt_timeline_volume,90,critical,0.75,,,,False,https://api.gdeltproject.org/api/v2/doc/doc?query=%28%22food+shortage%22+OR+%22food+crisis%22+OR+%22food+price+inflation%22+OR+%22fertilizer+shortage%22%29&mode=timelinevolinfo&format=json&timespan=7d,
20260522T192647Z,2026-05-22T19:28:10+00:00,us_drought_monitor_data_watch,water,U.S. Drought Monitor data download watch,text_watch,ok,,,keyword_hits,85,critical,0.5,,,36,False,https://droughtmonitor.unl.edu/DmData/DataDownload.aspx,
20260522T192647Z,2026-05-22T19:28:10+00:00,nasa_grace_groundwater_watch,water,NASA GRACE groundwater watch,text_watch,ok,,,keyword_hits,85,critical,0.5,,,38,False,https://grace.jpl.nasa.gov/,
20260522T192647Z,2026-05-22T19:28:30+00:00,gdelt_water_shortage_watch,water,GDELT water shortage / rationing volume,gdelt_timeline,ok,62927.0,,gdelt_timeline_volume,90,critical,0.75,,,,False,https://api.gdeltproject.org/api/v2/doc/doc?query=%28%22water+shortage%22+OR+%22water+rationing%22+OR+%22aquifer+depletion%22+OR+%22reservoir+levels%22%29&mode=timelinevolinfo&format=json&timespan=7d,
20260522T192647Z,2026-05-22T19:28:33+00:00,usgs_mineral_commodity_summaries_watch,critical_minerals,USGS mineral commodity summaries watch,text_watch,ok,,,keyword_hits,5,monitor,0.5,,,0,False,https://www.usgs.gov/centers/national-minerals-information-center/mineral-commodity-summaries,
20260522T192647Z,2026-05-22T19:28:43+00:00,gdelt_copper_lithium_shortage_watch,critical_minerals,GDELT copper / lithium shortage volume,gdelt_timeline,ok,11130.0,,gdelt_timeline_volume,90,critical,0.75,,,,False,https://api.gdeltproject.org/api/v2/doc/doc?query=%28%22copper+shortage%22+OR+%22lithium+deficit%22+OR+%22critical+minerals+shortage%22+OR+%22battery+minerals+shortage%22%29&mode=timelinevolinfo&format=json&timespan=7d,
20260522T192647Z,2026-05-22T19:28:44+00:00,pew_public_trust_watch,institutional_trust,Pew public trust in government watch,text_watch,ok,,,keyword_hits,85,critical,0.5,,,80,False,https://www.pewresearch.org/politics/2024/06/24/public-trust-in-government-1958-2024/,
20260522T192647Z,2026-05-22T19:29:23+00:00,gdelt_polarization_legitimacy_watch,institutional_trust,GDELT polarization / legitimacy stress volume,gdelt_timeline,ok,229026.0,,gdelt_timeline_volume,90,critical,0.75,,,,False,https://api.gdeltproject.org/api/v2/doc/doc?query=%28%22political+polarization%22+OR+%22institutional+trust%22+OR+%22government+legitimacy%22+OR+%22elected+officials%22%29&mode=timelinevolinfo&format=json&timespan=7d,
20260522T192647Z,2026-05-22T19:29:56+00:00,gdelt_supply_chain_disruption_watch,supply_chain,GDELT supply chain disruption volume,gdelt_timeline,error,,,gdelt_timeline_volume,25,negative_space,0.05,,,,True,"(""supply chain disruption"" OR ""port congestion"" OR ""shipping disruption"" OR ""trade bottleneck"")","HTTPSConnectionPool(host='api.gdeltproject.org', port=443): Read timed out. (read timeout=30)"
20260522T192647Z,2026-05-22T19:30:26+00:00,gdelt_civil_unrest_watch,civil_unrest,GDELT protest / riot / unrest volume,gdelt_timeline,error,,,gdelt_timeline_volume,25,negative_space,0.05,,,,True,"(""civil unrest"" OR protest OR riot OR ""mass demonstration"")","HTTPSConnectionPool(host='api.gdeltproject.org', port=443): Max retries exceeded with url: /api/v2/doc/doc?query=%28%22civil+unrest%22+OR+protest+OR+riot+OR+%22mass+demonstration%22%29&mode=timelinevolinfo&format=json&timespan=7d (Caused by ConnectTimeoutError(<HTTPSConnection(host='api.gdeltproject.org', port=443) at 0x7f333f9592d0>, 'Connection to api.gdeltproject.org timed out. (connect timeout=30)'))"
20260523T023008Z,2026-05-23T02:30:38+00:00,fred_financial_stress_stlfsi4,banking_cre,FRED St. Louis Fed Financial Stress Index,csv,error,,,index,25,negative_space,0.05,,,,True,https://fred.stlouisfed.org/graph/fredgraph.csv?id=STLFSI4,"HTTPSConnectionPool(host='fred.stlouisfed.org', port=443): Read timed out. (read timeout=30)"
20260523T023008Z,2026-05-23T02:31:09+00:00,fred_cre_delinquency_all_banks,banking_cre,FRED commercial real estate delinquency rate,csv,error,,,percent,25,negative_space,0.05,,,,True,https://fred.stlouisfed.org/graph/fredgraph.csv?id=DRSFRMACBS,"HTTPSConnectionPool(host='fred.stlouisfed.org', port=443): Read timed out. (read timeout=30)"
20260523T023008Z,2026-05-23T02:31:09+00:00,federal_reserve_stress_test_watch,banking_cre,Federal Reserve stress test page watch,text_watch,ok,,,keyword_hits,85,critical,0.5,,,8,False,https://www.federalreserve.gov/supervisionreg/dfa-stress-tests.htm,
20260523T023008Z,2026-05-23T02:31:10+00:00,fao_food_price_index_watch,food,FAO Food Price Index watch,text_watch,ok,,,keyword_hits,85,critical,0.5,,,46,False,https://www.fao.org/worldfoodsituation/foodpricesindex/en/,
20260523T023008Z,2026-05-23T02:31:11+00:00,world_bank_commodities_food_watch,food,World Bank commodity food market watch,text_watch,ok,,,keyword_hits,85,critical,0.5,,,40,False,https://www.worldbank.org/en/research/commodity-markets,
20260523T023008Z,2026-05-23T02:31:42+00:00,gdelt_food_shortage_watch,food,GDELT food shortage / food inflation volume,gdelt_timeline,error,,,gdelt_timeline_volume,25,negative_space,0.05,,,,True,"(""food shortage"" OR ""food crisis"" OR ""food price inflation"" OR ""fertilizer shortage"")","HTTPSConnectionPool(host='api.gdeltproject.org', port=443): Max retries exceeded with url: /api/v2/doc/doc?query=%28%22food+shortage%22+OR+%22food+crisis%22+OR+%22food+price+inflation%22+OR+%22fertilizer+shortage%22%29&mode=timelinevolinfo&format=json&timespan=7d (Caused by ConnectTimeoutError(<HTTPSConnection(host='api.gdeltproject.org', port=443) at 0x7fb6eeabee90>, 'Connection to api.gdeltproject.org timed out. (connect timeout=30)'))"
20260523T023008Z,2026-05-23T02:31:42+00:00,us_drought_monitor_data_watch,water,U.S. Drought Monitor data download watch,text_watch,ok,,,keyword_hits,85,critical,0.5,,,36,False,https://droughtmonitor.unl.edu/DmData/DataDownload.aspx,
20260523T023008Z,2026-05-23T02:31:44+00:00,nasa_grace_groundwater_watch,water,NASA GRACE groundwater watch,text_watch,ok,,,keyword_hits,85,critical,0.5,,,38,False,https://grace.jpl.nasa.gov/,
20260523T023008Z,2026-05-23T02:31:52+00:00,gdelt_water_shortage_watch,water,GDELT water shortage / rationing volume,gdelt_timeline,error,,,gdelt_timeline_volume,25,negative_space,0.05,,,,True,"(""water shortage"" OR ""water rationing"" OR ""aquifer depletion"" OR ""reservoir levels"")",429 Client Error: Too Many Requests for url: https://api.gdeltproject.org/api/v2/doc/doc?query=%28%22water+shortage%22+OR+%22water+rationing%22+OR+%22aquifer+depletion%22+OR+%22reservoir+levels%22%29&mode=timelinevolinfo&format=json&timespan=7d
20260523T023008Z,2026-05-23T02:31:52+00:00,usgs_mineral_commodity_summaries_watch,critical_minerals,USGS mineral commodity summaries watch,text_watch,ok,,,keyword_hits,5,monitor,0.5,,,0,False,https://www.usgs.gov/centers/national-minerals-information-center/mineral-commodity-summaries,
20260523T023008Z,2026-05-23T02:32:08+00:00,gdelt_copper_lithium_shortage_watch,critical_minerals,GDELT copper / lithium shortage volume,gdelt_timeline,ok,11191.0,,gdelt_timeline_volume,90,critical,0.75,,,,False,https://api.gdeltproject.org/api/v2/doc/doc?query=%28%22copper+shortage%22+OR+%22lithium+deficit%22+OR+%22critical+minerals+shortage%22+OR+%22battery+minerals+shortage%22%29&mode=timelinevolinfo&format=json&timespan=7d,
20260523T023008Z,2026-05-23T02:32:10+00:00,pew_public_trust_watch,institutional_trust,Pew public trust in government watch,text_watch,ok,,,keyword_hits,85,critical,0.5,,,80,False,https://www.pewresearch.org/politics/2024/06/24/public-trust-in-government-1958-2024/,
20260523T023008Z,2026-05-23T02:32:30+00:00,gdelt_polarization_legitimacy_watch,institutional_trust,GDELT polarization / legitimacy stress volume,gdelt_timeline,ok,231349.0,,gdelt_timeline_volume,90,critical,0.75,,,,False,https://api.gdeltproject.org/api/v2/doc/doc?query=%28%22political+polarization%22+OR+%22institutional+trust%22+OR+%22government+legitimacy%22+OR+%22elected+officials%22%29&mode=timelinevolinfo&format=json&timespan=7d,
20260523T023008Z,2026-05-23T02:33:02+00:00,gdelt_supply_chain_disruption_watch,supply_chain,GDELT supply chain disruption volume,gdelt_timeline,ok,34701.0,,gdelt_timeline_volume,90,critical,0.75,,,,False,https://api.gdeltproject.org/api/v2/doc/doc?query=%28%22supply+chain+disruption%22+OR+%22port+congestion%22+OR+%22shipping+disruption%22+OR+%22trade+bottleneck%22%29&mode=timelinevolinfo&format=json&timespan=7d,
20260523T023008Z,2026-05-23T02:33:22+00:00,gdelt_civil_unrest_watch,civil_unrest,GDELT protest / riot / unrest volume,gdelt_timeline,ok,371654.0,,gdelt_timeline_volume,90,critical,0.75,,,,False,https://api.gdeltproject.org/api/v2/doc/doc?query=%28%22civil+unrest%22+OR+protest+OR+riot+OR+%22mass+demonstration%22%29&mode=timelinevolinfo&format=json&timespan=7d,
20260523T081007Z,2026-05-23T08:10:37+00:00,fred_financial_stress_stlfsi4,banking_cre,FRED St. Louis Fed Financial Stress Index,csv,error,,,index,25,negative_space,0.05,,,,True,https://fred.stlouisfed.org/graph/fredgraph.csv?id=STLFSI4,"HTTPSConnectionPool(host='fred.stlouisfed.org', port=443): Read timed out. (read timeout=30)"
20260523T081007Z,2026-05-23T08:11:07+00:00,fred_cre_delinquency_all_banks,banking_cre,FRED commercial real estate delinquency rate,csv,error,,,percent,25,negative_space,0.05,,,,True,https://fred.stlouisfed.org/graph/fredgraph.csv?id=DRSFRMACBS,"HTTPSConnectionPool(host='fred.stlouisfed.org', port=443): Read timed out. (read timeout=30)"
20260523T081007Z,2026-05-23T08:11:08+00:00,federal_reserve_stress_test_watch,banking_cre,Federal Reserve stress test page watch,text_watch,ok,,,keyword_hits,85,critical,0.5,,,8,False,https://www.federalreserve.gov/supervisionreg/dfa-stress-tests.htm,
20260523T081007Z,2026-05-23T08:11:09+00:00,fao_food_price_index_watch,food,FAO Food Price Index watch,text_watch,ok,,,keyword_hits,85,critical,0.5,,,46,False,https://www.fao.org/worldfoodsituation/foodpricesindex/en/,
20260523T081007Z,2026-05-23T08:11:09+00:00,world_bank_commodities_food_watch,food,World Bank commodity food market watch,text_watch,ok,,,keyword_hits,85,critical,0.5,,,40,False,https://www.worldbank.org/en/research/commodity-markets,
20260523T081007Z,2026-05-23T08:11:15+00:00,gdelt_food_shortage_watch,food,GDELT food shortage / food inflation volume,gdelt_timeline,error,,,gdelt_timeline_volume,25,negative_space,0.05,,,,True,"(""food shortage"" OR ""food crisis"" OR ""food price inflation"" OR ""fertilizer shortage"")",429 Client Error: Too Many Requests for url: https://api.gdeltproject.org/api/v2/doc/doc?query=%28%22food+shortage%22+OR+%22food+crisis%22+OR+%22food+price+inflation%22+OR+%22fertilizer+shortage%22%29&mode=timelinevolinfo&format=json&timespan=7d
20260523T081007Z,2026-05-23T08:11:16+00:00,us_drought_monitor_data_watch,water,U.S. Drought Monitor data download watch,text_watch,ok,,,keyword_hits,85,critical,0.5,,,36,False,https://droughtmonitor.unl.edu/DmData/DataDownload.aspx,
20260523T081007Z,2026-05-23T08:11:17+00:00,nasa_grace_groundwater_watch,water,NASA GRACE groundwater watch,text_watch,ok,,,keyword_hits,85,critical,0.5,,,38,False,https://grace.jpl.nasa.gov/,
20260523T081007Z,2026-05-23T08:11:26+00:00,gdelt_water_shortage_watch,water,GDELT water shortage / rationing volume,gdelt_timeline,ok,65663.0,,gdelt_timeline_volume,90,critical,0.75,,,,False,https://api.gdeltproject.org/api/v2/doc/doc?query=%28%22water+shortage%22+OR+%22water+rationing%22+OR+%22aquifer+depletion%22+OR+%22reservoir+levels%22%29&mode=timelinevolinfo&format=json&timespan=7d,
20260523T081007Z,2026-05-23T08:11:28+00:00,usgs_mineral_commodity_summaries_watch,critical_minerals,USGS mineral commodity summaries watch,text_watch,ok,,,keyword_hits,5,monitor,0.5,,,0,False,https://www.usgs.gov/centers/national-minerals-information-center/mineral-commodity-summaries,
20260523T081007Z,2026-05-23T08:11:34+00:00,gdelt_copper_lithium_shortage_watch,critical_minerals,GDELT copper / lithium shortage volume,gdelt_timeline,error,,,gdelt_timeline_volume,25,negative_space,0.05,,,,True,"(""copper shortage"" OR ""lithium deficit"" OR ""critical minerals shortage"" OR ""battery minerals shortage"")",429 Client Error: Too Many Requests for url: https://api.gdeltproject.org/api/v2/doc/doc?query=%28%22copper+shortage%22+OR+%22lithium+deficit%22+OR+%22critical+minerals+shortage%22+OR+%22battery+minerals+shortage%22%29&mode=timelinevolinfo&format=json&timespan=7d
20260523T081007Z,2026-05-23T08:11:35+00:00,pew_public_trust_watch,institutional_trust,Pew public trust in government watch,text_watch,ok,,,keyword_hits,85,critical,0.5,,,80,False,https://www.pewresearch.org/politics/2024/06/24/public-trust-in-government-1958-2024/,
20260523T081007Z,2026-05-23T08:11:41+00:00,gdelt_polarization_legitimacy_watch,institutional_trust,GDELT polarization / legitimacy stress volume,gdelt_timeline,error,,,gdelt_timeline_volume,25,negative_space,0.05,,,,True,"(""political polarization"" OR ""institutional trust"" OR ""government legitimacy"" OR ""elected officials"")",429 Client Error: Too Many Requests for url: https://api.gdeltproject.org/api/v2/doc/doc?query=%28%22political+polarization%22+OR+%22institutional+trust%22+OR+%22government+legitimacy%22+OR+%22elected+officials%22%29&mode=timelinevolinfo&format=json&timespan=7d
20260523T081007Z,2026-05-23T08:11:46+00:00,gdelt_supply_chain_disruption_watch,supply_chain,GDELT supply chain disruption volume,gdelt_timeline,error,,,gdelt_timeline_volume,25,negative_space,0.05,,,,True,"(""supply chain disruption"" OR ""port congestion"" OR ""shipping disruption"" OR ""trade bottleneck"")",429 Client Error: Too Many Requests for url: https://api.gdeltproject.org/api/v2/doc/doc?query=%28%22supply+chain+disruption%22+OR+%22port+congestion%22+OR+%22shipping+disruption%22+OR+%22trade+bottleneck%22%29&mode=timelinevolinfo&format=json&timespan=7d
20260523T081007Z,2026-05-23T08:11:50+00:00,gdelt_civil_unrest_watch,civil_unrest,GDELT protest / riot / unrest volume,gdelt_timeline,error,,,gdelt_timeline_volume,25,negative_space,0.05,,,,True,"(""civil unrest"" OR protest OR riot OR ""mass demonstration"")",429 Client Error: Too Many Requests for url: https://api.gdeltproject.org/api/v2/doc/doc?query=%28%22civil+unrest%22+OR+protest+OR+riot+OR+%22mass+demonstration%22%29&mode=timelinevolinfo&format=json&timespan=7d
20260523T131027Z,2026-05-23T13:10:57+00:00,fred_financial_stress_stlfsi4,banking_cre,FRED St. Louis Fed Financial Stress Index,csv,error,,,index,25,negative_space,0.05,,,,True,https://fred.stlouisfed.org/graph/fredgraph.csv?id=STLFSI4,"HTTPSConnectionPool(host='fred.stlouisfed.org', port=443): Read timed out. (read timeout=30)"
20260523T131027Z,2026-05-23T13:11:28+00:00,fred_cre_delinquency_all_banks,banking_cre,FRED commercial real estate delinquency rate,csv,error,,,percent,25,negative_space,0.05,,,,True,https://fred.stlouisfed.org/graph/fredgraph.csv?id=DRSFRMACBS,"HTTPSConnectionPool(host='fred.stlouisfed.org', port=443): Read timed out. (read timeout=30)"
20260523T131027Z,2026-05-23T13:11:28+00:00,federal_reserve_stress_test_watch,banking_cre,Federal Reserve stress test page watch,text_watch,ok,,,keyword_hits,85,critical,0.5,,,8,False,https://www.federalreserve.gov/supervisionreg/dfa-stress-tests.htm,
20260523T131027Z,2026-05-23T13:11:29+00:00,fao_food_price_index_watch,food,FAO Food Price Index watch,text_watch,ok,,,keyword_hits,85,critical,0.5,,,46,False,https://www.fao.org/worldfoodsituation/foodpricesindex/en/,
20260523T131027Z,2026-05-23T13:11:30+00:00,world_bank_commodities_food_watch,food,World Bank commodity food market watch,text_watch,ok,,,keyword_hits,85,critical,0.5,,,40,False,https://www.worldbank.org/en/research/commodity-markets,
20260523T131027Z,2026-05-23T13:11:55+00:00,gdelt_food_shortage_watch,food,GDELT food shortage / food inflation volume,gdelt_timeline,error,,,gdelt_timeline_volume,25,negative_space,0.05,,,,True,"(""food shortage"" OR ""food crisis"" OR ""food price inflation"" OR ""fertilizer shortage"")",429 Client Error: Too Many Requests for url: https://api.gdeltproject.org/api/v2/doc/doc?query=%28%22food+shortage%22+OR+%22food+crisis%22+OR+%22food+price+inflation%22+OR+%22fertilizer+shortage%22%29&mode=timelinevolinfo&format=json&timespan=7d
20260523T131027Z,2026-05-23T13:11:56+00:00,us_drought_monitor_data_watch,water,U.S. Drought Monitor data download watch,text_watch,ok,,,keyword_hits,85,critical,0.5,,,36,False,https://droughtmonitor.unl.edu/DmData/DataDownload.aspx,
20260523T131027Z,2026-05-23T13:11:57+00:00,nasa_grace_groundwater_watch,water,NASA GRACE groundwater watch,text_watch,ok,,,keyword_hits,85,critical,0.5,,,38,False,https://grace.jpl.nasa.gov/,
20260523T131027Z,2026-05-23T13:12:06+00:00,gdelt_water_shortage_watch,water,GDELT water shortage / rationing volume,gdelt_timeline,error,,,gdelt_timeline_volume,25,negative_space,0.05,,,,True,"(""water shortage"" OR ""water rationing"" OR ""aquifer depletion"" OR ""reservoir levels"")",429 Client Error: Too Many Requests for url: https://api.gdeltproject.org/api/v2/doc/doc?query=%28%22water+shortage%22+OR+%22water+rationing%22+OR+%22aquifer+depletion%22+OR+%22reservoir+levels%22%29&mode=timelinevolinfo&format=json&timespan=7d
20260523T131027Z,2026-05-23T13:12:07+00:00,usgs_mineral_commodity_summaries_watch,critical_minerals,USGS mineral commodity summaries watch,text_watch,ok,,,keyword_hits,5,monitor,0.5,,,0,False,https://www.usgs.gov/centers/national-minerals-information-center/mineral-commodity-summaries,
20260523T131027Z,2026-05-23T13:12:16+00:00,gdelt_copper_lithium_shortage_watch,critical_minerals,GDELT copper / lithium shortage volume,gdelt_timeline,error,,,gdelt_timeline_volume,25,negative_space,0.05,,,,True,"(""copper shortage"" OR ""lithium deficit"" OR ""critical minerals shortage"" OR ""battery minerals shortage"")",429 Client Error: Too Many Requests for url: https://api.gdeltproject.org/api/v2/doc/doc?query=%28%22copper+shortage%22+OR+%22lithium+deficit%22+OR+%22critical+minerals+shortage%22+OR+%22battery+minerals+shortage%22%29&mode=timelinevolinfo&format=json&timespan=7d
20260523T131027Z,2026-05-23T13:12:16+00:00,pew_public_trust_watch,institutional_trust,Pew public trust in government watch,text_watch,error,,,,25,negative_space,0.05,,,,True,https://www.pewresearch.org/politics/2024/06/24/public-trust-in-government-1958-2024/,403 Client Error: Forbidden for url: https://www.pewresearch.org/politics/2024/06/24/public-trust-in-government-1958-2024/
20260523T131027Z,2026-05-23T13:12:38+00:00,gdelt_polarization_legitimacy_watch,institutional_trust,GDELT polarization / legitimacy stress volume,gdelt_timeline,ok,223554.0,,gdelt_timeline_volume,90,critical,0.75,,,,False,https://api.gdeltproject.org/api/v2/doc/doc?query=%28%22political+polarization%22+OR+%22institutional+trust%22+OR+%22government+legitimacy%22+OR+%22elected+officials%22%29&mode=timelinevolinfo&format=json&timespan=7d,
20260523T131027Z,2026-05-23T13:12:47+00:00,gdelt_supply_chain_disruption_watch,supply_chain,GDELT supply chain disruption volume,gdelt_timeline,error,,,gdelt_timeline_volume,25,negative_space,0.05,,,,True,"(""supply chain disruption"" OR ""port congestion"" OR ""shipping disruption"" OR ""trade bottleneck"")",429 Client Error: Too Many Requests for url: https://api.gdeltproject.org/api/v2/doc/doc?query=%28%22supply+chain+disruption%22+OR+%22port+congestion%22+OR+%22shipping+disruption%22+OR+%22trade+bottleneck%22%29&mode=timelinevolinfo&format=json&timespan=7d
20260523T131027Z,2026-05-23T13:13:03+00:00,gdelt_civil_unrest_watch,civil_unrest,GDELT protest / riot / unrest volume,gdelt_timeline,ok,368775.0,,gdelt_timeline_volume,90,critical,0.75,,,,False,https://api.gdeltproject.org/api/v2/doc/doc?query=%28%22civil+unrest%22+OR+protest+OR+riot+OR+%22mass+demonstration%22%29&mode=timelinevolinfo&format=json&timespan=7d,
20260523T190031Z,2026-05-23T19:01:01+00:00,fred_financial_stress_stlfsi4,banking_cre,FRED St. Louis Fed Financial Stress Index,csv,error,,,index,25,negative_space,0.05,,,,True,https://fred.stlouisfed.org/graph/fredgraph.csv?id=STLFSI4,"HTTPSConnectionPool(host='fred.stlouisfed.org', port=443): Read timed out. (read timeout=30)"
20260523T190031Z,2026-05-23T19:01:32+00:00,fred_cre_delinquency_all_banks,banking_cre,FRED commercial real estate delinquency rate,csv,error,,,percent,25,negative_space,0.05,,,,True,https://fred.stlouisfed.org/graph/fredgraph.csv?id=DRSFRMACBS,"HTTPSConnectionPool(host='fred.stlouisfed.org', port=443): Read timed out. (read timeout=30)"
20260523T190031Z,2026-05-23T19:01:33+00:00,federal_reserve_stress_test_watch,banking_cre,Federal Reserve stress test page watch,text_watch,ok,,,keyword_hits,85,critical,0.5,,,8,False,https://www.federalreserve.gov/supervisionreg/dfa-stress-tests.htm,
20260523T190031Z,2026-05-23T19:01:33+00:00,fao_food_price_index_watch,food,FAO Food Price Index watch,text_watch,ok,,,keyword_hits,85,critical,0.5,,,46,False,https://www.fao.org/worldfoodsituation/foodpricesindex/en/,
20260523T190031Z,2026-05-23T19:01:34+00:00,world_bank_commodities_food_watch,food,World Bank commodity food market watch,text_watch,ok,,,keyword_hits,85,critical,0.5,,,40,False,https://www.worldbank.org/en/research/commodity-markets,
20260523T190031Z,2026-05-23T19:02:06+00:00,gdelt_food_shortage_watch,food,GDELT food shortage / food inflation volume,gdelt_timeline,error,,,gdelt_timeline_volume,25,negative_space,0.05,,,,True,"(""food shortage"" OR ""food crisis"" OR ""food price inflation"" OR ""fertilizer shortage"")","HTTPSConnectionPool(host='api.gdeltproject.org', port=443): Read timed out. (read timeout=30)"
20260523T190031Z,2026-05-23T19:02:06+00:00,us_drought_monitor_data_watch,water,U.S. Drought Monitor data download watch,text_watch,ok,,,keyword_hits,85,critical,0.5,,,36,False,https://droughtmonitor.unl.edu/DmData/DataDownload.aspx,
20260523T190031Z,2026-05-23T19:02:07+00:00,nasa_grace_groundwater_watch,water,NASA GRACE groundwater watch,text_watch,ok,,,keyword_hits,85,critical,0.5,,,38,False,https://grace.jpl.nasa.gov/,
20260523T190031Z,2026-05-23T19:02:20+00:00,gdelt_water_shortage_watch,water,GDELT water shortage / rationing volume,gdelt_timeline,error,,,gdelt_timeline_volume,25,negative_space,0.05,,,,True,"(""water shortage"" OR ""water rationing"" OR ""aquifer depletion"" OR ""reservoir levels"")",429 Client Error: Too Many Requests for url: https://api.gdeltproject.org/api/v2/doc/doc?query=%28%22water+shortage%22+OR+%22water+rationing%22+OR+%22aquifer+depletion%22+OR+%22reservoir+levels%22%29&mode=timelinevolinfo&format=json&timespan=7d
20260523T190031Z,2026-05-23T19:02:22+00:00,usgs_mineral_commodity_summaries_watch,critical_minerals,USGS mineral commodity summaries watch,text_watch,ok,,,keyword_hits,5,monitor,0.5,,,0,False,https://www.usgs.gov/centers/national-minerals-information-center/mineral-commodity-summaries,
20260523T190031Z,2026-05-23T19:02:32+00:00,gdelt_copper_lithium_shortage_watch,critical_minerals,GDELT copper / lithium shortage volume,gdelt_timeline,error,,,gdelt_timeline_volume,25,negative_space,0.05,,,,True,"(""copper shortage"" OR ""lithium deficit"" OR ""critical minerals shortage"" OR ""battery minerals shortage"")",429 Client Error: Too Many Requests for url: https://api.gdeltproject.org/api/v2/doc/doc?query=%28%22copper+shortage%22+OR+%22lithium+deficit%22+OR+%22critical+minerals+shortage%22+OR+%22battery+minerals+shortage%22%29&mode=timelinevolinfo&format=json&timespan=7d
20260523T190031Z,2026-05-23T19:02:32+00:00,pew_public_trust_watch,institutional_trust,Pew public trust in government watch,text_watch,error,,,,25,negative_space,0.05,,,,True,https://www.pewresearch.org/politics/2024/06/24/public-trust-in-government-1958-2024/,403 Client Error: Forbidden for url: https://www.pewresearch.org/politics/2024/06/24/public-trust-in-government-1958-2024/
20260523T190031Z,2026-05-23T19:03:03+00:00,gdelt_polarization_legitimacy_watch,institutional_trust,GDELT polarization / legitimacy stress volume,gdelt_timeline,error,,,gdelt_timeline_volume,25,negative_space,0.05,,,,True,"(""political polarization"" OR ""institutional trust"" OR ""government legitimacy"" OR ""elected officials"")","HTTPSConnectionPool(host='api.gdeltproject.org', port=443): Max retries exceeded with url: /api/v2/doc/doc?query=%28%22political+polarization%22+OR+%22institutional+trust%22+OR+%22government+legitimacy%22+OR+%22elected+officials%22%29&mode=timelinevolinfo&format=json&timespan=7d (Caused by ConnectTimeoutError(<HTTPSConnection(host='api.gdeltproject.org', port=443) at 0x7fda0dc98310>, 'Connection to api.gdeltproject.org timed out. (connect timeout=30)'))"
20260523T190031Z,2026-05-23T19:03:15+00:00,gdelt_supply_chain_disruption_watch,supply_chain,GDELT supply chain disruption volume,gdelt_timeline,ok,40280.0,,gdelt_timeline_volume,90,critical,0.75,,,,False,https://api.gdeltproject.org/api/v2/doc/doc?query=%28%22supply+chain+disruption%22+OR+%22port+congestion%22+OR+%22shipping+disruption%22+OR+%22trade+bottleneck%22%29&mode=timelinevolinfo&format=json&timespan=7d,
20260523T190031Z,2026-05-23T19:03:47+00:00,gdelt_civil_unrest_watch,civil_unrest,GDELT protest / riot / unrest volume,gdelt_timeline,error,,,gdelt_timeline_volume,25,negative_space,0.05,,,,True,"(""civil unrest"" OR protest OR riot OR ""mass demonstration"")","HTTPSConnectionPool(host='api.gdeltproject.org', port=443): Read timed out. (read timeout=30)"
20260524T024039Z,2026-05-24T02:41:09+00:00,fred_financial_stress_stlfsi4,banking_cre,FRED St. Louis Fed Financial Stress Index,csv,error,,,index,25,negative_space,0.05,,,,True,https://fred.stlouisfed.org/graph/fredgraph.csv?id=STLFSI4,"HTTPSConnectionPool(host='fred.stlouisfed.org', port=443): Read timed out. (read timeout=30)"
20260524T024039Z,2026-05-24T02:41:39+00:00,fred_cre_delinquency_all_banks,banking_cre,FRED commercial real estate delinquency rate,csv,error,,,percent,25,negative_space,0.05,,,,True,https://fred.stlouisfed.org/graph/fredgraph.csv?id=DRSFRMACBS,"HTTPSConnectionPool(host='fred.stlouisfed.org', port=443): Read timed out. (read timeout=30)"
20260524T024039Z,2026-05-24T02:41:40+00:00,federal_reserve_stress_test_watch,banking_cre,Federal Reserve stress test page watch,text_watch,ok,,,keyword_hits,85,critical,0.5,,,8,False,https://www.federalreserve.gov/supervisionreg/dfa-stress-tests.htm,
20260524T024039Z,2026-05-24T02:41:40+00:00,fao_food_price_index_watch,food,FAO Food Price Index watch,text_watch,ok,,,keyword_hits,85,critical,0.5,,,46,False,https://www.fao.org/worldfoodsituation/foodpricesindex/en/,
20260524T024039Z,2026-05-24T02:41:41+00:00,world_bank_commodities_food_watch,food,World Bank commodity food market watch,text_watch,ok,,,keyword_hits,85,critical,0.5,,,40,False,https://www.worldbank.org/en/research/commodity-markets,
20260524T024039Z,2026-05-24T02:41:47+00:00,gdelt_food_shortage_watch,food,GDELT food shortage / food inflation volume,gdelt_timeline,error,,,gdelt_timeline_volume,25,negative_space,0.05,,,,True,"(""food shortage"" OR ""food crisis"" OR ""food price inflation"" OR ""fertilizer shortage"")",429 Client Error: Too Many Requests for url: https://api.gdeltproject.org/api/v2/doc/doc?query=%28%22food+shortage%22+OR+%22food+crisis%22+OR+%22food+price+inflation%22+OR+%22fertilizer+shortage%22%29&mode=timelinevolinfo&format=json&timespan=7d
20260524T024039Z,2026-05-24T02:41:48+00:00,us_drought_monitor_data_watch,water,U.S. Drought Monitor data download watch,text_watch,ok,,,keyword_hits,85,critical,0.5,,,36,False,https://droughtmonitor.unl.edu/DmData/DataDownload.aspx,
20260524T024039Z,2026-05-24T02:41:48+00:00,nasa_grace_groundwater_watch,water,NASA GRACE groundwater watch,text_watch,ok,,,keyword_hits,85,critical,0.5,,,38,False,https://grace.jpl.nasa.gov/,
20260524T024039Z,2026-05-24T02:42:10+00:00,gdelt_water_shortage_watch,water,GDELT water shortage / rationing volume,gdelt_timeline,ok,67193.0,,gdelt_timeline_volume,90,critical,0.75,,,,False,https://api.gdeltproject.org/api/v2/doc/doc?query=%28%22water+shortage%22+OR+%22water+rationing%22+OR+%22aquifer+depletion%22+OR+%22reservoir+levels%22%29&mode=timelinevolinfo&format=json&timespan=7d,
20260524T024039Z,2026-05-24T02:42:11+00:00,usgs_mineral_commodity_summaries_watch,critical_minerals,USGS mineral commodity summaries watch,text_watch,ok,,,keyword_hits,5,monitor,0.5,,,0,False,https://www.usgs.gov/centers/national-minerals-information-center/mineral-commodity-summaries,
20260524T024039Z,2026-05-24T02:42:17+00:00,gdelt_copper_lithium_shortage_watch,critical_minerals,GDELT copper / lithium shortage volume,gdelt_timeline,error,,,gdelt_timeline_volume,25,negative_space,0.05,,,,True,"(""copper shortage"" OR ""lithium deficit"" OR ""critical minerals shortage"" OR ""battery minerals shortage"")",429 Client Error: Too Many Requests for url: https://api.gdeltproject.org/api/v2/doc/doc?query=%28%22copper+shortage%22+OR+%22lithium+deficit%22+OR+%22critical+minerals+shortage%22+OR+%22battery+minerals+shortage%22%29&mode=timelinevolinfo&format=json&timespan=7d
20260524T024039Z,2026-05-24T02:42:18+00:00,pew_public_trust_watch,institutional_trust,Pew public trust in government watch,text_watch,error,,,,25,negative_space,0.05,,,,True,https://www.pewresearch.org/politics/2024/06/24/public-trust-in-government-1958-2024/,403 Client Error: Forbidden for url: https://www.pewresearch.org/politics/2024/06/24/public-trust-in-government-1958-2024/
20260524T024039Z,2026-05-24T02:42:31+00:00,gdelt_polarization_legitimacy_watch,institutional_trust,GDELT polarization / legitimacy stress volume,gdelt_timeline,ok,226728.0,,gdelt_timeline_volume,90,critical,0.75,,,,False,https://api.gdeltproject.org/api/v2/doc/doc?query=%28%22political+polarization%22+OR+%22institutional+trust%22+OR+%22government+legitimacy%22+OR+%22elected+officials%22%29&mode=timelinevolinfo&format=json&timespan=7d,
20260524T024039Z,2026-05-24T02:42:38+00:00,gdelt_supply_chain_disruption_watch,supply_chain,GDELT supply chain disruption volume,gdelt_timeline,error,,,gdelt_timeline_volume,25,negative_space,0.05,,,,True,"(""supply chain disruption"" OR ""port congestion"" OR ""shipping disruption"" OR ""trade bottleneck"")",429 Client Error: Too Many Requests for url: https://api.gdeltproject.org/api/v2/doc/doc?query=%28%22supply+chain+disruption%22+OR+%22port+congestion%22+OR+%22shipping+disruption%22+OR+%22trade+bottleneck%22%29&mode=timelinevolinfo&format=json&timespan=7d
20260524T024039Z,2026-05-24T02:42:48+00:00,gdelt_civil_unrest_watch,civil_unrest,GDELT protest / riot / unrest volume,gdelt_timeline,ok,369080.0,,gdelt_timeline_volume,90,critical,0.75,,,,False,https://api.gdeltproject.org/api/v2/doc/doc?query=%28%22civil+unrest%22+OR+protest+OR+riot+OR+%22mass+demonstration%22%29&mode=timelinevolinfo&format=json&timespan=7d,
20260524T082133Z,2026-05-24T08:22:03+00:00,fred_financial_stress_stlfsi4,banking_cre,FRED St. Louis Fed Financial Stress Index,csv,error,,,index,25,negative_space,0.05,,,,True,https://fred.stlouisfed.org/graph/fredgraph.csv?id=STLFSI4,"HTTPSConnectionPool(host='fred.stlouisfed.org', port=443): Read timed out. (read timeout=30)"
20260524T082133Z,2026-05-24T08:22:34+00:00,fred_cre_delinquency_all_banks,banking_cre,FRED commercial real estate delinquency rate,csv,error,,,percent,25,negative_space,0.05,,,,True,https://fred.stlouisfed.org/graph/fredgraph.csv?id=DRSFRMACBS,"HTTPSConnectionPool(host='fred.stlouisfed.org', port=443): Read timed out. (read timeout=30)"
20260524T082133Z,2026-05-24T08:22:34+00:00,federal_reserve_stress_test_watch,banking_cre,Federal Reserve stress test page watch,text_watch,ok,,,keyword_hits,85,critical,0.5,,,8,False,https://www.federalreserve.gov/supervisionreg/dfa-stress-tests.htm,
20260524T082133Z,2026-05-24T08:22:35+00:00,fao_food_price_index_watch,food,FAO Food Price Index watch,text_watch,ok,,,keyword_hits,85,critical,0.5,,,46,False,https://www.fao.org/worldfoodsituation/foodpricesindex/en/,
20260524T082133Z,2026-05-24T08:22:36+00:00,world_bank_commodities_food_watch,food,World Bank commodity food market watch,text_watch,ok,,,keyword_hits,85,critical,0.5,,,40,False,https://www.worldbank.org/en/research/commodity-markets,
20260524T082133Z,2026-05-24T08:22:47+00:00,gdelt_food_shortage_watch,food,GDELT food shortage / food inflation volume,gdelt_timeline,error,,,gdelt_timeline_volume,25,negative_space,0.05,,,,True,"(""food shortage"" OR ""food crisis"" OR ""food price inflation"" OR ""fertilizer shortage"")",429 Client Error: Too Many Requests for url: https://api.gdeltproject.org/api/v2/doc/doc?query=%28%22food+shortage%22+OR+%22food+crisis%22+OR+%22food+price+inflation%22+OR+%22fertilizer+shortage%22%29&mode=timelinevolinfo&format=json&timespan=7d
20260524T082133Z,2026-05-24T08:22:48+00:00,us_drought_monitor_data_watch,water,U.S. Drought Monitor data download watch,text_watch,ok,,,keyword_hits,85,critical,0.5,,,36,False,https://droughtmonitor.unl.edu/DmData/DataDownload.aspx,
20260524T082133Z,2026-05-24T08:22:49+00:00,nasa_grace_groundwater_watch,water,NASA GRACE groundwater watch,text_watch,ok,,,keyword_hits,85,critical,0.5,,,38,False,https://grace.jpl.nasa.gov/,
20260524T082133Z,2026-05-24T08:23:09+00:00,gdelt_water_shortage_watch,water,GDELT water shortage / rationing volume,gdelt_timeline,ok,65949.0,,gdelt_timeline_volume,90,critical,0.75,,,,False,https://api.gdeltproject.org/api/v2/doc/doc?query=%28%22water+shortage%22+OR+%22water+rationing%22+OR+%22aquifer+depletion%22+OR+%22reservoir+levels%22%29&mode=timelinevolinfo&format=json&timespan=7d,
20260524T082133Z,2026-05-24T08:23:11+00:00,usgs_mineral_commodity_summaries_watch,critical_minerals,USGS mineral commodity summaries watch,text_watch,ok,,,keyword_hits,5,monitor,0.5,,,0,False,https://www.usgs.gov/centers/national-minerals-information-center/mineral-commodity-summaries,
20260524T082133Z,2026-05-24T08:23:26+00:00,gdelt_copper_lithium_shortage_watch,critical_minerals,GDELT copper / lithium shortage volume,gdelt_timeline,error,,,gdelt_timeline_volume,25,negative_space,0.05,,,,True,"(""copper shortage"" OR ""lithium deficit"" OR ""critical minerals shortage"" OR ""battery minerals shortage"")",429 Client Error: Too Many Requests for url: https://api.gdeltproject.org/api/v2/doc/doc?query=%28%22copper+shortage%22+OR+%22lithium+deficit%22+OR+%22critical+minerals+shortage%22+OR+%22battery+minerals+shortage%22%29&mode=timelinevolinfo&format=json&timespan=7d
20260524T082133Z,2026-05-24T08:23:26+00:00,pew_public_trust_watch,institutional_trust,Pew public trust in government watch,text_watch,error,,,,25,negative_space,0.05,,,,True,https://www.pewresearch.org/politics/2024/06/24/public-trust-in-government-1958-2024/,403 Client Error: Forbidden for url: https://www.pewresearch.org/politics/2024/06/24/public-trust-in-government-1958-2024/
20260524T082133Z,2026-05-24T08:23:51+00:00,gdelt_polarization_legitimacy_watch,institutional_trust,GDELT polarization / legitimacy stress volume,gdelt_timeline,error,,,gdelt_timeline_volume,25,negative_space,0.05,,,,True,"(""political polarization"" OR ""institutional trust"" OR ""government legitimacy"" OR ""elected officials"")",429 Client Error: Too Many Requests for url: https://api.gdeltproject.org/api/v2/doc/doc?query=%28%22political+polarization%22+OR+%22institutional+trust%22+OR+%22government+legitimacy%22+OR+%22elected+officials%22%29&mode=timelinevolinfo&format=json&timespan=7d
20260524T082133Z,2026-05-24T08:23:57+00:00,gdelt_supply_chain_disruption_watch,supply_chain,GDELT supply chain disruption volume,gdelt_timeline,error,,,gdelt_timeline_volume,25,negative_space,0.05,,,,True,"(""supply chain disruption"" OR ""port congestion"" OR ""shipping disruption"" OR ""trade bottleneck"")",429 Client Error: Too Many Requests for url: https://api.gdeltproject.org/api/v2/doc/doc?query=%28%22supply+chain+disruption%22+OR+%22port+congestion%22+OR+%22shipping+disruption%22+OR+%22trade+bottleneck%22%29&mode=timelinevolinfo&format=json&timespan=7d
20260524T082133Z,2026-05-24T08:24:03+00:00,gdelt_civil_unrest_watch,civil_unrest,GDELT protest / riot / unrest volume,gdelt_timeline,error,,,gdelt_timeline_volume,25,negative_space,0.05,,,,True,"(""civil unrest"" OR protest OR riot OR ""mass demonstration"")",429 Client Error: Too Many Requests for url: https://api.gdeltproject.org/api/v2/doc/doc?query=%28%22civil+unrest%22+OR+protest+OR+riot+OR+%22mass+demonstration%22%29&mode=timelinevolinfo&format=json&timespan=7d
20260524T131031Z,2026-05-24T13:11:01+00:00,fred_financial_stress_stlfsi4,banking_cre,FRED St. Louis Fed Financial Stress Index,csv,error,,,index,25,negative_space,0.05,,,,True,https://fred.stlouisfed.org/graph/fredgraph.csv?id=STLFSI4,"HTTPSConnectionPool(host='fred.stlouisfed.org', port=443): Read timed out. (read timeout=30)"
20260524T131031Z,2026-05-24T13:11:31+00:00,fred_cre_delinquency_all_banks,banking_cre,FRED commercial real estate delinquency rate,csv,error,,,percent,25,negative_space,0.05,,,,True,https://fred.stlouisfed.org/graph/fredgraph.csv?id=DRSFRMACBS,"HTTPSConnectionPool(host='fred.stlouisfed.org', port=443): Read timed out. (read timeout=30)"
20260524T131031Z,2026-05-24T13:11:32+00:00,federal_reserve_stress_test_watch,banking_cre,Federal Reserve stress test page watch,text_watch,ok,,,keyword_hits,85,critical,0.5,,,8,False,https://www.federalreserve.gov/supervisionreg/dfa-stress-tests.htm,
20260524T131031Z,2026-05-24T13:11:33+00:00,fao_food_price_index_watch,food,FAO Food Price Index watch,text_watch,ok,,,keyword_hits,85,critical,0.5,,,46,False,https://www.fao.org/worldfoodsituation/foodpricesindex/en/,
20260524T131031Z,2026-05-24T13:11:33+00:00,world_bank_commodities_food_watch,food,World Bank commodity food market watch,text_watch,ok,,,keyword_hits,85,critical,0.5,,,40,False,https://www.worldbank.org/en/research/commodity-markets,
20260524T131031Z,2026-05-24T13:11:38+00:00,gdelt_food_shortage_watch,food,GDELT food shortage / food inflation volume,gdelt_timeline,error,,,gdelt_timeline_volume,25,negative_space,0.05,,,,True,"(""food shortage"" OR ""food crisis"" OR ""food price inflation"" OR ""fertilizer shortage"")",429 Client Error: Too Many Requests for url: https://api.gdeltproject.org/api/v2/doc/doc?query=%28%22food+shortage%22+OR+%22food+crisis%22+OR+%22food+price+inflation%22+OR+%22fertilizer+shortage%22%29&mode=timelinevolinfo&format=json&timespan=7d
20260524T131031Z,2026-05-24T13:11:39+00:00,us_drought_monitor_data_watch,water,U.S. Drought Monitor data download watch,text_watch,ok,,,keyword_hits,85,critical,0.5,,,36,False,https://droughtmonitor.unl.edu/DmData/DataDownload.aspx,
20260524T131031Z,2026-05-24T13:11:40+00:00,nasa_grace_groundwater_watch,water,NASA GRACE groundwater watch,text_watch,ok,,,keyword_hits,85,critical,0.5,,,38,False,https://grace.jpl.nasa.gov/,
20260524T131031Z,2026-05-24T13:11:44+00:00,gdelt_water_shortage_watch,water,GDELT water shortage / rationing volume,gdelt_timeline,error,,,gdelt_timeline_volume,25,negative_space,0.05,,,,True,"(""water shortage"" OR ""water rationing"" OR ""aquifer depletion"" OR ""reservoir levels"")",429 Client Error: Too Many Requests for url: https://api.gdeltproject.org/api/v2/doc/doc?query=%28%22water+shortage%22+OR+%22water+rationing%22+OR+%22aquifer+depletion%22+OR+%22reservoir+levels%22%29&mode=timelinevolinfo&format=json&timespan=7d
20260524T131031Z,2026-05-24T13:11:46+00:00,usgs_mineral_commodity_summaries_watch,critical_minerals,USGS mineral commodity summaries watch,text_watch,ok,,,keyword_hits,5,monitor,0.5,,,0,False,https://www.usgs.gov/centers/national-minerals-information-center/mineral-commodity-summaries,
20260524T131031Z,2026-05-24T13:11:50+00:00,gdelt_copper_lithium_shortage_watch,critical_minerals,GDELT copper / lithium shortage volume,gdelt_timeline,error,,,gdelt_timeline_volume,25,negative_space,0.05,,,,True,"(""copper shortage"" OR ""lithium deficit"" OR ""critical minerals shortage"" OR ""battery minerals shortage"")",429 Client Error: Too Many Requests for url: https://api.gdeltproject.org/api/v2/doc/doc?query=%28%22copper+shortage%22+OR+%22lithium+deficit%22+OR+%22critical+minerals+shortage%22+OR+%22battery+minerals+shortage%22%29&mode=timelinevolinfo&format=json&timespan=7d
20260524T131031Z,2026-05-24T13:11:51+00:00,pew_public_trust_watch,institutional_trust,Pew public trust in government watch,text_watch,error,,,,25,negative_space,0.05,,,,True,https://www.pewresearch.org/politics/2024/06/24/public-trust-in-government-1958-2024/,403 Client Error: Forbidden for url: https://www.pewresearch.org/politics/2024/06/24/public-trust-in-government-1958-2024/
20260524T131031Z,2026-05-24T13:11:55+00:00,gdelt_polarization_legitimacy_watch,institutional_trust,GDELT polarization / legitimacy stress volume,gdelt_timeline,error,,,gdelt_timeline_volume,25,negative_space,0.05,,,,True,"(""political polarization"" OR ""institutional trust"" OR ""government legitimacy"" OR ""elected officials"")",429 Client Error: Too Many Requests for url: https://api.gdeltproject.org/api/v2/doc/doc?query=%28%22political+polarization%22+OR+%22institutional+trust%22+OR+%22government+legitimacy%22+OR+%22elected+officials%22%29&mode=timelinevolinfo&format=json&timespan=7d
20260524T131031Z,2026-05-24T13:12:00+00:00,gdelt_supply_chain_disruption_watch,supply_chain,GDELT supply chain disruption volume,gdelt_timeline,error,,,gdelt_timeline_volume,25,negative_space,0.05,,,,True,"(""supply chain disruption"" OR ""port congestion"" OR ""shipping disruption"" OR ""trade bottleneck"")",429 Client Error: Too Many Requests for url: https://api.gdeltproject.org/api/v2/doc/doc?query=%28%22supply+chain+disruption%22+OR+%22port+congestion%22+OR+%22shipping+disruption%22+OR+%22trade+bottleneck%22%29&mode=timelinevolinfo&format=json&timespan=7d
20260524T131031Z,2026-05-24T13:12:04+00:00,gdelt_civil_unrest_watch,civil_unrest,GDELT protest / riot / unrest volume,gdelt_timeline,error,,,gdelt_timeline_volume,25,negative_space,0.05,,,,True,"(""civil unrest"" OR protest OR riot OR ""mass demonstration"")",429 Client Error: Too Many Requests for url: https://api.gdeltproject.org/api/v2/doc/doc?query=%28%22civil+unrest%22+OR+protest+OR+riot+OR+%22mass+demonstration%22%29&mode=timelinevolinfo&format=json&timespan=7d
20260524T190743Z,2026-05-24T19:08:13+00:00,fred_financial_stress_stlfsi4,banking_cre,FRED St. Louis Fed Financial Stress Index,csv,error,,,index,25,negative_space,0.05,,,,True,https://fred.stlouisfed.org/graph/fredgraph.csv?id=STLFSI4,"HTTPSConnectionPool(host='fred.stlouisfed.org', port=443): Read timed out. (read timeout=30)"
20260524T190743Z,2026-05-24T19:08:44+00:00,fred_cre_delinquency_all_banks,banking_cre,FRED commercial real estate delinquency rate,csv,error,,,percent,25,negative_space,0.05,,,,True,https://fred.stlouisfed.org/graph/fredgraph.csv?id=DRSFRMACBS,"HTTPSConnectionPool(host='fred.stlouisfed.org', port=443): Read timed out. (read timeout=30)"
20260524T190743Z,2026-05-24T19:08:45+00:00,federal_reserve_stress_test_watch,banking_cre,Federal Reserve stress test page watch,text_watch,ok,,,keyword_hits,85,critical,0.5,,,8,False,https://www.federalreserve.gov/supervisionreg/dfa-stress-tests.htm,
20260524T190743Z,2026-05-24T19:08:45+00:00,fao_food_price_index_watch,food,FAO Food Price Index watch,text_watch,ok,,,keyword_hits,85,critical,0.5,,,46,False,https://www.fao.org/worldfoodsituation/foodpricesindex/en/,
20260524T190743Z,2026-05-24T19:08:46+00:00,world_bank_commodities_food_watch,food,World Bank commodity food market watch,text_watch,ok,,,keyword_hits,85,critical,0.5,,,40,False,https://www.worldbank.org/en/research/commodity-markets,
20260524T190743Z,2026-05-24T19:08:53+00:00,gdelt_food_shortage_watch,food,GDELT food shortage / food inflation volume,gdelt_timeline,error,,,gdelt_timeline_volume,25,negative_space,0.05,,,,True,"(""food shortage"" OR ""food crisis"" OR ""food price inflation"" OR ""fertilizer shortage"")",429 Client Error: Too Many Requests for url: https://api.gdeltproject.org/api/v2/doc/doc?query=%28%22food+shortage%22+OR+%22food+crisis%22+OR+%22food+price+inflation%22+OR+%22fertilizer+shortage%22%29&mode=timelinevolinfo&format=json&timespan=7d
20260524T190743Z,2026-05-24T19:08:53+00:00,us_drought_monitor_data_watch,water,U.S. Drought Monitor data download watch,text_watch,ok,,,keyword_hits,85,critical,0.5,,,36,False,https://droughtmonitor.unl.edu/DmData/DataDownload.aspx,
20260524T190743Z,2026-05-24T19:08:54+00:00,nasa_grace_groundwater_watch,water,NASA GRACE groundwater watch,text_watch,ok,,,keyword_hits,85,critical,0.5,,,38,False,https://grace.jpl.nasa.gov/,
20260524T190743Z,2026-05-24T19:09:05+00:00,gdelt_water_shortage_watch,water,GDELT water shortage / rationing volume,gdelt_timeline,ok,64047.0,,gdelt_timeline_volume,90,critical,0.75,,,,False,https://api.gdeltproject.org/api/v2/doc/doc?query=%28%22water+shortage%22+OR+%22water+rationing%22+OR+%22aquifer+depletion%22+OR+%22reservoir+levels%22%29&mode=timelinevolinfo&format=json&timespan=7d,
20260524T190743Z,2026-05-24T19:09:08+00:00,usgs_mineral_commodity_summaries_watch,critical_minerals,USGS mineral commodity summaries watch,text_watch,ok,,,keyword_hits,5,monitor,0.5,,,0,False,https://www.usgs.gov/centers/national-minerals-information-center/mineral-commodity-summaries,
20260524T190743Z,2026-05-24T19:09:15+00:00,gdelt_copper_lithium_shortage_watch,critical_minerals,GDELT copper / lithium shortage volume,gdelt_timeline,error,,,gdelt_timeline_volume,25,negative_space,0.05,,,,True,"(""copper shortage"" OR ""lithium deficit"" OR ""critical minerals shortage"" OR ""battery minerals shortage"")",429 Client Error: Too Many Requests for url: https://api.gdeltproject.org/api/v2/doc/doc?query=%28%22copper+shortage%22+OR+%22lithium+deficit%22+OR+%22critical+minerals+shortage%22+OR+%22battery+minerals+shortage%22%29&mode=timelinevolinfo&format=json&timespan=7d
20260524T190743Z,2026-05-24T19:09:16+00:00,pew_public_trust_watch,institutional_trust,Pew public trust in government watch,text_watch,ok,,,keyword_hits,85,critical,0.5,,,80,False,https://www.pewresearch.org/politics/2024/06/24/public-trust-in-government-1958-2024/,
20260524T190743Z,2026-05-24T19:09:22+00:00,gdelt_polarization_legitimacy_watch,institutional_trust,GDELT polarization / legitimacy stress volume,gdelt_timeline,error,,,gdelt_timeline_volume,25,negative_space,0.05,,,,True,"(""political polarization"" OR ""institutional trust"" OR ""government legitimacy"" OR ""elected officials"")",429 Client Error: Too Many Requests for url: https://api.gdeltproject.org/api/v2/doc/doc?query=%28%22political+polarization%22+OR+%22institutional+trust%22+OR+%22government+legitimacy%22+OR+%22elected+officials%22%29&mode=timelinevolinfo&format=json&timespan=7d
20260524T190743Z,2026-05-24T19:09:28+00:00,gdelt_supply_chain_disruption_watch,supply_chain,GDELT supply chain disruption volume,gdelt_timeline,error,,,gdelt_timeline_volume,25,negative_space,0.05,,,,True,"(""supply chain disruption"" OR ""port congestion"" OR ""shipping disruption"" OR ""trade bottleneck"")",429 Client Error: Too Many Requests for url: https://api.gdeltproject.org/api/v2/doc/doc?query=%28%22supply+chain+disruption%22+OR+%22port+congestion%22+OR+%22shipping+disruption%22+OR+%22trade+bottleneck%22%29&mode=timelinevolinfo&format=json&timespan=7d
20260524T190743Z,2026-05-24T19:09:34+00:00,gdelt_civil_unrest_watch,civil_unrest,GDELT protest / riot / unrest volume,gdelt_timeline,error,,,gdelt_timeline_volume,25,negative_space,0.05,,,,True,"(""civil unrest"" OR protest OR riot OR ""mass demonstration"")",429 Client Error: Too Many Requests for url: https://api.gdeltproject.org/api/v2/doc/doc?query=%28%22civil+unrest%22+OR+protest+OR+riot+OR+%22mass+demonstration%22%29&mode=timelinevolinfo&format=json&timespan=7d
20260525T024938Z,2026-05-25T02:50:08+00:00,fred_financial_stress_stlfsi4,banking_cre,FRED St. Louis Fed Financial Stress Index,csv,error,,,index,25,negative_space,0.05,,,,True,https://fred.stlouisfed.org/graph/fredgraph.csv?id=STLFSI4,"HTTPSConnectionPool(host='fred.stlouisfed.org', port=443): Read timed out. (read timeout=30)"
20260525T024938Z,2026-05-25T02:50:39+00:00,fred_cre_delinquency_all_banks,banking_cre,FRED commercial real estate delinquency rate,csv,error,,,percent,25,negative_space,0.05,,,,True,https://fred.stlouisfed.org/graph/fredgraph.csv?id=DRSFRMACBS,"HTTPSConnectionPool(host='fred.stlouisfed.org', port=443): Read timed out. (read timeout=30)"
20260525T024938Z,2026-05-25T02:50:40+00:00,federal_reserve_stress_test_watch,banking_cre,Federal Reserve stress test page watch,text_watch,ok,,,keyword_hits,85,critical,0.5,,,8,False,https://www.federalreserve.gov/supervisionreg/dfa-stress-tests.htm,
20260525T024938Z,2026-05-25T02:50:40+00:00,fao_food_price_index_watch,food,FAO Food Price Index watch,text_watch,ok,,,keyword_hits,85,critical,0.5,,,46,False,https://www.fao.org/worldfoodsituation/foodpricesindex/en/,
20260525T024938Z,2026-05-25T02:50:41+00:00,world_bank_commodities_food_watch,food,World Bank commodity food market watch,text_watch,ok,,,keyword_hits,85,critical,0.5,,,40,False,https://www.worldbank.org/en/research/commodity-markets,
20260525T024938Z,2026-05-25T02:51:16+00:00,gdelt_food_shortage_watch,food,GDELT food shortage / food inflation volume,gdelt_timeline,ok,136726.0,,gdelt_timeline_volume,90,critical,0.75,,,,False,https://api.gdeltproject.org/api/v2/doc/doc?query=%28%22food+shortage%22+OR+%22food+crisis%22+OR+%22food+price+inflation%22+OR+%22fertilizer+shortage%22%29&mode=timelinevolinfo&format=json&timespan=7d,
20260525T024938Z,2026-05-25T02:51:17+00:00,us_drought_monitor_data_watch,water,U.S. Drought Monitor data download watch,text_watch,ok,,,keyword_hits,85,critical,0.5,,,36,False,https://droughtmonitor.unl.edu/DmData/DataDownload.aspx,
20260525T024938Z,2026-05-25T02:51:18+00:00,nasa_grace_groundwater_watch,water,NASA GRACE groundwater watch,text_watch,ok,,,keyword_hits,85,critical,0.5,,,38,False,https://grace.jpl.nasa.gov/,
20260525T024938Z,2026-05-25T02:51:26+00:00,gdelt_water_shortage_watch,water,GDELT water shortage / rationing volume,gdelt_timeline,error,,,gdelt_timeline_volume,25,negative_space,0.05,,,,True,"(""water shortage"" OR ""water rationing"" OR ""aquifer depletion"" OR ""reservoir levels"")",429 Client Error: Too Many Requests for url: https://api.gdeltproject.org/api/v2/doc/doc?query=%28%22water+shortage%22+OR+%22water+rationing%22+OR+%22aquifer+depletion%22+OR+%22reservoir+levels%22%29&mode=timelinevolinfo&format=json&timespan=7d
20260525T024938Z,2026-05-25T02:51:28+00:00,usgs_mineral_commodity_summaries_watch,critical_minerals,USGS mineral commodity summaries watch,text_watch,ok,,,keyword_hits,5,monitor,0.5,,,0,False,https://www.usgs.gov/centers/national-minerals-information-center/mineral-commodity-summaries,
20260525T024938Z,2026-05-25T02:51:40+00:00,gdelt_copper_lithium_shortage_watch,critical_minerals,GDELT copper / lithium shortage volume,gdelt_timeline,ok,11291.0,,gdelt_timeline_volume,90,critical,0.75,,,,False,https://api.gdeltproject.org/api/v2/doc/doc?query=%28%22copper+shortage%22+OR+%22lithium+deficit%22+OR+%22critical+minerals+shortage%22+OR+%22battery+minerals+shortage%22%29&mode=timelinevolinfo&format=json&timespan=7d,
20260525T024938Z,2026-05-25T02:51:40+00:00,pew_public_trust_watch,institutional_trust,Pew public trust in government watch,text_watch,error,,,,25,negative_space,0.05,,,,True,https://www.pewresearch.org/politics/2024/06/24/public-trust-in-government-1958-2024/,403 Client Error: Forbidden for url: https://www.pewresearch.org/politics/2024/06/24/public-trust-in-government-1958-2024/
20260525T024938Z,2026-05-25T02:51:48+00:00,gdelt_polarization_legitimacy_watch,institutional_trust,GDELT polarization / legitimacy stress volume,gdelt_timeline,error,,,gdelt_timeline_volume,25,negative_space,0.05,,,,True,"(""political polarization"" OR ""institutional trust"" OR ""government legitimacy"" OR ""elected officials"")",429 Client Error: Too Many Requests for url: https://api.gdeltproject.org/api/v2/doc/doc?query=%28%22political+polarization%22+OR+%22institutional+trust%22+OR+%22government+legitimacy%22+OR+%22elected+officials%22%29&mode=timelinevolinfo&format=json&timespan=7d
20260525T024938Z,2026-05-25T02:52:03+00:00,gdelt_supply_chain_disruption_watch,supply_chain,GDELT supply chain disruption volume,gdelt_timeline,ok,42247.0,,gdelt_timeline_volume,90,critical,0.75,,,,False,https://api.gdeltproject.org/api/v2/doc/doc?query=%28%22supply+chain+disruption%22+OR+%22port+congestion%22+OR+%22shipping+disruption%22+OR+%22trade+bottleneck%22%29&mode=timelinevolinfo&format=json&timespan=7d,
20260525T024938Z,2026-05-25T02:52:34+00:00,gdelt_civil_unrest_watch,civil_unrest,GDELT protest / riot / unrest volume,gdelt_timeline,error,,,gdelt_timeline_volume,25,negative_space,0.05,,,,True,"(""civil unrest"" OR protest OR riot OR ""mass demonstration"")","HTTPSConnectionPool(host='api.gdeltproject.org', port=443): Read timed out. (read timeout=30)"
20260525T095519Z,2026-05-25T09:55:49+00:00,fred_financial_stress_stlfsi4,banking_cre,FRED St. Louis Fed Financial Stress Index,csv,error,,,index,25,negative_space,0.05,,,,True,https://fred.stlouisfed.org/graph/fredgraph.csv?id=STLFSI4,"HTTPSConnectionPool(host='fred.stlouisfed.org', port=443): Read timed out. (read timeout=30)"
20260525T095519Z,2026-05-25T09:56:20+00:00,fred_cre_delinquency_all_banks,banking_cre,FRED commercial real estate delinquency rate,csv,error,,,percent,25,negative_space,0.05,,,,True,https://fred.stlouisfed.org/graph/fredgraph.csv?id=DRSFRMACBS,"HTTPSConnectionPool(host='fred.stlouisfed.org', port=443): Read timed out. (read timeout=30)"
20260525T095519Z,2026-05-25T09:56:21+00:00,federal_reserve_stress_test_watch,banking_cre,Federal Reserve stress test page watch,text_watch,ok,,,keyword_hits,85,critical,0.5,,,8,False,https://www.federalreserve.gov/supervisionreg/dfa-stress-tests.htm,
20260525T095519Z,2026-05-25T09:56:21+00:00,fao_food_price_index_watch,food,FAO Food Price Index watch,text_watch,ok,,,keyword_hits,85,critical,0.5,,,46,False,https://www.fao.org/worldfoodsituation/foodpricesindex/en/,
20260525T095519Z,2026-05-25T09:56:22+00:00,world_bank_commodities_food_watch,food,World Bank commodity food market watch,text_watch,ok,,,keyword_hits,85,critical,0.5,,,40,False,https://www.worldbank.org/en/research/commodity-markets,
20260525T095519Z,2026-05-25T09:56:51+00:00,gdelt_food_shortage_watch,food,GDELT food shortage / food inflation volume,gdelt_timeline,ok,139026.0,,gdelt_timeline_volume,90,critical,0.75,,,,False,https://api.gdeltproject.org/api/v2/doc/doc?query=%28%22food+shortage%22+OR+%22food+crisis%22+OR+%22food+price+inflation%22+OR+%22fertilizer+shortage%22%29&mode=timelinevolinfo&format=json&timespan=7d,
20260525T095519Z,2026-05-25T09:56:52+00:00,us_drought_monitor_data_watch,water,U.S. Drought Monitor data download watch,text_watch,ok,,,keyword_hits,85,critical,0.5,,,36,False,https://droughtmonitor.unl.edu/DmData/DataDownload.aspx,
20260525T095519Z,2026-05-25T09:56:53+00:00,nasa_grace_groundwater_watch,water,NASA GRACE groundwater watch,text_watch,ok,,,keyword_hits,85,critical,0.5,,,38,False,https://grace.jpl.nasa.gov/,
20260525T095519Z,2026-05-25T09:57:02+00:00,gdelt_water_shortage_watch,water,GDELT water shortage / rationing volume,gdelt_timeline,error,,,gdelt_timeline_volume,25,negative_space,0.05,,,,True,"(""water shortage"" OR ""water rationing"" OR ""aquifer depletion"" OR ""reservoir levels"")",429 Client Error: Too Many Requests for url: https://api.gdeltproject.org/api/v2/doc/doc?query=%28%22water+shortage%22+OR+%22water+rationing%22+OR+%22aquifer+depletion%22+OR+%22reservoir+levels%22%29&mode=timelinevolinfo&format=json&timespan=7d
20260525T095519Z,2026-05-25T09:57:04+00:00,usgs_mineral_commodity_summaries_watch,critical_minerals,USGS mineral commodity summaries watch,text_watch,ok,,,keyword_hits,5,monitor,0.5,,,0,False,https://www.usgs.gov/centers/national-minerals-information-center/mineral-commodity-summaries,
20260525T095519Z,2026-05-25T09:57:13+00:00,gdelt_copper_lithium_shortage_watch,critical_minerals,GDELT copper / lithium shortage volume,gdelt_timeline,error,,,gdelt_timeline_volume,25,negative_space,0.05,,,,True,"(""copper shortage"" OR ""lithium deficit"" OR ""critical minerals shortage"" OR ""battery minerals shortage"")",429 Client Error: Too Many Requests for url: https://api.gdeltproject.org/api/v2/doc/doc?query=%28%22copper+shortage%22+OR+%22lithium+deficit%22+OR+%22critical+minerals+shortage%22+OR+%22battery+minerals+shortage%22%29&mode=timelinevolinfo&format=json&timespan=7d
20260525T095519Z,2026-05-25T09:57:14+00:00,pew_public_trust_watch,institutional_trust,Pew public trust in government watch,text_watch,ok,,,keyword_hits,85,critical,0.5,,,80,False,https://www.pewresearch.org/politics/2024/06/24/public-trust-in-government-1958-2024/,
20260525T095519Z,2026-05-25T09:57:22+00:00,gdelt_polarization_legitimacy_watch,institutional_trust,GDELT polarization / legitimacy stress volume,gdelt_timeline,error,,,gdelt_timeline_volume,25,negative_space,0.05,,,,True,"(""political polarization"" OR ""institutional trust"" OR ""government legitimacy"" OR ""elected officials"")",429 Client Error: Too Many Requests for url: https://api.gdeltproject.org/api/v2/doc/doc?query=%28%22political+polarization%22+OR+%22institutional+trust%22+OR+%22government+legitimacy%22+OR+%22elected+officials%22%29&mode=timelinevolinfo&format=json&timespan=7d
20260525T095519Z,2026-05-25T09:57:29+00:00,gdelt_supply_chain_disruption_watch,supply_chain,GDELT supply chain disruption volume,gdelt_timeline,error,,,gdelt_timeline_volume,25,negative_space,0.05,,,,True,"(""supply chain disruption"" OR ""port congestion"" OR ""shipping disruption"" OR ""trade bottleneck"")",429 Client Error: Too Many Requests for url: https://api.gdeltproject.org/api/v2/doc/doc?query=%28%22supply+chain+disruption%22+OR+%22port+congestion%22+OR+%22shipping+disruption%22+OR+%22trade+bottleneck%22%29&mode=timelinevolinfo&format=json&timespan=7d
20260525T095519Z,2026-05-25T09:57:56+00:00,gdelt_civil_unrest_watch,civil_unrest,GDELT protest / riot / unrest volume,gdelt_timeline,ok,367116.0,,gdelt_timeline_volume,90,critical,0.75,,,,False,https://api.gdeltproject.org/api/v2/doc/doc?query=%28%22civil+unrest%22+OR+protest+OR+riot+OR+%22mass+demonstration%22%29&mode=timelinevolinfo&format=json&timespan=7d,
20260525T144226Z,2026-05-25T14:42:56+00:00,fred_financial_stress_stlfsi4,banking_cre,FRED St. Louis Fed Financial Stress Index,csv,error,,,index,25,negative_space,0.05,,,,True,https://fred.stlouisfed.org/graph/fredgraph.csv?id=STLFSI4,"HTTPSConnectionPool(host='fred.stlouisfed.org', port=443): Read timed out. (read timeout=30)"
20260525T144226Z,2026-05-25T14:43:27+00:00,fred_cre_delinquency_all_banks,banking_cre,FRED commercial real estate delinquency rate,csv,error,,,percent,25,negative_space,0.05,,,,True,https://fred.stlouisfed.org/graph/fredgraph.csv?id=DRSFRMACBS,"HTTPSConnectionPool(host='fred.stlouisfed.org', port=443): Read timed out. (read timeout=30)"
20260525T144226Z,2026-05-25T14:43:27+00:00,federal_reserve_stress_test_watch,banking_cre,Federal Reserve stress test page watch,text_watch,ok,,,keyword_hits,85,critical,0.5,,,8,False,https://www.federalreserve.gov/supervisionreg/dfa-stress-tests.htm,
20260525T144226Z,2026-05-25T14:43:28+00:00,fao_food_price_index_watch,food,FAO Food Price Index watch,text_watch,ok,,,keyword_hits,85,critical,0.5,,,46,False,https://www.fao.org/worldfoodsituation/foodpricesindex/en/,
20260525T144226Z,2026-05-25T14:43:29+00:00,world_bank_commodities_food_watch,food,World Bank commodity food market watch,text_watch,ok,,,keyword_hits,85,critical,0.5,,,40,False,https://www.worldbank.org/en/research/commodity-markets,
20260525T144226Z,2026-05-25T14:43:43+00:00,gdelt_food_shortage_watch,food,GDELT food shortage / food inflation volume,gdelt_timeline,error,,,gdelt_timeline_volume,25,negative_space,0.05,,,,True,"(""food shortage"" OR ""food crisis"" OR ""food price inflation"" OR ""fertilizer shortage"")",429 Client Error: Too Many Requests for url: https://api.gdeltproject.org/api/v2/doc/doc?query=%28%22food+shortage%22+OR+%22food+crisis%22+OR+%22food+price+inflation%22+OR+%22fertilizer+shortage%22%29&mode=timelinevolinfo&format=json&timespan=7d
20260525T144226Z,2026-05-25T14:43:44+00:00,us_drought_monitor_data_watch,water,U.S. Drought Monitor data download watch,text_watch,ok,,,keyword_hits,85,critical,0.5,,,36,False,https://droughtmonitor.unl.edu/DmData/DataDownload.aspx,
20260525T144226Z,2026-05-25T14:43:44+00:00,nasa_grace_groundwater_watch,water,NASA GRACE groundwater watch,text_watch,ok,,,keyword_hits,85,critical,0.5,,,38,False,https://grace.jpl.nasa.gov/,
20260525T144226Z,2026-05-25T14:43:55+00:00,gdelt_water_shortage_watch,water,GDELT water shortage / rationing volume,gdelt_timeline,error,,,gdelt_timeline_volume,25,negative_space,0.05,,,,True,"(""water shortage"" OR ""water rationing"" OR ""aquifer depletion"" OR ""reservoir levels"")",429 Client Error: Too Many Requests for url: https://api.gdeltproject.org/api/v2/doc/doc?query=%28%22water+shortage%22+OR+%22water+rationing%22+OR+%22aquifer+depletion%22+OR+%22reservoir+levels%22%29&mode=timelinevolinfo&format=json&timespan=7d
20260525T144226Z,2026-05-25T14:43:57+00:00,usgs_mineral_commodity_summaries_watch,critical_minerals,USGS mineral commodity summaries watch,text_watch,ok,,,keyword_hits,5,monitor,0.5,,,0,False,https://www.usgs.gov/centers/national-minerals-information-center/mineral-commodity-summaries,
20260525T144226Z,2026-05-25T14:44:12+00:00,gdelt_copper_lithium_shortage_watch,critical_minerals,GDELT copper / lithium shortage volume,gdelt_timeline,ok,10929.0,,gdelt_timeline_volume,90,critical,0.75,,,,False,https://api.gdeltproject.org/api/v2/doc/doc?query=%28%22copper+shortage%22+OR+%22lithium+deficit%22+OR+%22critical+minerals+shortage%22+OR+%22battery+minerals+shortage%22%29&mode=timelinevolinfo&format=json&timespan=7d,
20260525T144226Z,2026-05-25T14:44:13+00:00,pew_public_trust_watch,institutional_trust,Pew public trust in government watch,text_watch,ok,,,keyword_hits,85,critical,0.5,,,80,False,https://www.pewresearch.org/politics/2024/06/24/public-trust-in-government-1958-2024/,
20260525T144226Z,2026-05-25T14:44:25+00:00,gdelt_polarization_legitimacy_watch,institutional_trust,GDELT polarization / legitimacy stress volume,gdelt_timeline,ok,233993.0,,gdelt_timeline_volume,90,critical,0.75,,,,False,https://api.gdeltproject.org/api/v2/doc/doc?query=%28%22political+polarization%22+OR+%22institutional+trust%22+OR+%22government+legitimacy%22+OR+%22elected+officials%22%29&mode=timelinevolinfo&format=json&timespan=7d,
20260525T144226Z,2026-05-25T14:44:33+00:00,gdelt_supply_chain_disruption_watch,supply_chain,GDELT supply chain disruption volume,gdelt_timeline,error,,,gdelt_timeline_volume,25,negative_space,0.05,,,,True,"(""supply chain disruption"" OR ""port congestion"" OR ""shipping disruption"" OR ""trade bottleneck"")",429 Client Error: Too Many Requests for url: https://api.gdeltproject.org/api/v2/doc/doc?query=%28%22supply+chain+disruption%22+OR+%22port+congestion%22+OR+%22shipping+disruption%22+OR+%22trade+bottleneck%22%29&mode=timelinevolinfo&format=json&timespan=7d
20260525T144226Z,2026-05-25T14:44:39+00:00,gdelt_civil_unrest_watch,civil_unrest,GDELT protest / riot / unrest volume,gdelt_timeline,error,,,gdelt_timeline_volume,25,negative_space,0.05,,,,True,"(""civil unrest"" OR protest OR riot OR ""mass demonstration"")",429 Client Error: Too Many Requests for url: https://api.gdeltproject.org/api/v2/doc/doc?query=%28%22civil+unrest%22+OR+protest+OR+riot+OR+%22mass+demonstration%22%29&mode=timelinevolinfo&format=json&timespan=7d
20260525T192011Z,2026-05-25T19:20:41+00:00,fred_financial_stress_stlfsi4,banking_cre,FRED St. Louis Fed Financial Stress Index,csv,error,,,index,25,negative_space,0.05,,,,True,https://fred.stlouisfed.org/graph/fredgraph.csv?id=STLFSI4,"HTTPSConnectionPool(host='fred.stlouisfed.org', port=443): Read timed out. (read timeout=30)"
20260525T192011Z,2026-05-25T19:21:12+00:00,fred_cre_delinquency_all_banks,banking_cre,FRED commercial real estate delinquency rate,csv,error,,,percent,25,negative_space,0.05,,,,True,https://fred.stlouisfed.org/graph/fredgraph.csv?id=DRSFRMACBS,"HTTPSConnectionPool(host='fred.stlouisfed.org', port=443): Read timed out. (read timeout=30)"
20260525T192011Z,2026-05-25T19:21:13+00:00,federal_reserve_stress_test_watch,banking_cre,Federal Reserve stress test page watch,text_watch,ok,,,keyword_hits,85,critical,0.5,,,8,False,https://www.federalreserve.gov/supervisionreg/dfa-stress-tests.htm,
20260525T192011Z,2026-05-25T19:21:14+00:00,fao_food_price_index_watch,food,FAO Food Price Index watch,text_watch,ok,,,keyword_hits,85,critical,0.5,,,46,False,https://www.fao.org/worldfoodsituation/foodpricesindex/en/,
20260525T192011Z,2026-05-25T19:21:14+00:00,world_bank_commodities_food_watch,food,World Bank commodity food market watch,text_watch,ok,,,keyword_hits,85,critical,0.5,,,40,False,https://www.worldbank.org/en/research/commodity-markets,
20260525T192011Z,2026-05-25T19:21:21+00:00,gdelt_food_shortage_watch,food,GDELT food shortage / food inflation volume,gdelt_timeline,error,,,gdelt_timeline_volume,25,negative_space,0.05,,,,True,"(""food shortage"" OR ""food crisis"" OR ""food price inflation"" OR ""fertilizer shortage"")",429 Client Error: Too Many Requests for url: https://api.gdeltproject.org/api/v2/doc/doc?query=%28%22food+shortage%22+OR+%22food+crisis%22+OR+%22food+price+inflation%22+OR+%22fertilizer+shortage%22%29&mode=timelinevolinfo&format=json&timespan=7d
20260525T192011Z,2026-05-25T19:21:22+00:00,us_drought_monitor_data_watch,water,U.S. Drought Monitor data download watch,text_watch,ok,,,keyword_hits,85,critical,0.5,,,36,False,https://droughtmonitor.unl.edu/DmData/DataDownload.aspx,
20260525T192011Z,2026-05-25T19:21:23+00:00,nasa_grace_groundwater_watch,water,NASA GRACE groundwater watch,text_watch,ok,,,keyword_hits,85,critical,0.5,,,38,False,https://grace.jpl.nasa.gov/,
20260525T192011Z,2026-05-25T19:21:29+00:00,gdelt_water_shortage_watch,water,GDELT water shortage / rationing volume,gdelt_timeline,error,,,gdelt_timeline_volume,25,negative_space,0.05,,,,True,"(""water shortage"" OR ""water rationing"" OR ""aquifer depletion"" OR ""reservoir levels"")",429 Client Error: Too Many Requests for url: https://api.gdeltproject.org/api/v2/doc/doc?query=%28%22water+shortage%22+OR+%22water+rationing%22+OR+%22aquifer+depletion%22+OR+%22reservoir+levels%22%29&mode=timelinevolinfo&format=json&timespan=7d
20260525T192011Z,2026-05-25T19:21:31+00:00,usgs_mineral_commodity_summaries_watch,critical_minerals,USGS mineral commodity summaries watch,text_watch,ok,,,keyword_hits,5,monitor,0.5,,,0,False,https://www.usgs.gov/centers/national-minerals-information-center/mineral-commodity-summaries,
20260525T192011Z,2026-05-25T19:21:39+00:00,gdelt_copper_lithium_shortage_watch,critical_minerals,GDELT copper / lithium shortage volume,gdelt_timeline,ok,10929.0,,gdelt_timeline_volume,90,critical,0.75,,,,False,https://api.gdeltproject.org/api/v2/doc/doc?query=%28%22copper+shortage%22+OR+%22lithium+deficit%22+OR+%22critical+minerals+shortage%22+OR+%22battery+minerals+shortage%22%29&mode=timelinevolinfo&format=json&timespan=7d,
20260525T192011Z,2026-05-25T19:21:40+00:00,pew_public_trust_watch,institutional_trust,Pew public trust in government watch,text_watch,ok,,,keyword_hits,85,critical,0.5,,,80,False,https://www.pewresearch.org/politics/2024/06/24/public-trust-in-government-1958-2024/,
20260525T192011Z,2026-05-25T19:21:47+00:00,gdelt_polarization_legitimacy_watch,institutional_trust,GDELT polarization / legitimacy stress volume,gdelt_timeline,error,,,gdelt_timeline_volume,25,negative_space,0.05,,,,True,"(""political polarization"" OR ""institutional trust"" OR ""government legitimacy"" OR ""elected officials"")",429 Client Error: Too Many Requests for url: https://api.gdeltproject.org/api/v2/doc/doc?query=%28%22political+polarization%22+OR+%22institutional+trust%22+OR+%22government+legitimacy%22+OR+%22elected+officials%22%29&mode=timelinevolinfo&format=json&timespan=7d
20260525T192011Z,2026-05-25T19:21:59+00:00,gdelt_supply_chain_disruption_watch,supply_chain,GDELT supply chain disruption volume,gdelt_timeline,ok,42081.0,,gdelt_timeline_volume,90,critical,0.75,,,,False,https://api.gdeltproject.org/api/v2/doc/doc?query=%28%22supply+chain+disruption%22+OR+%22port+congestion%22+OR+%22shipping+disruption%22+OR+%22trade+bottleneck%22%29&mode=timelinevolinfo&format=json&timespan=7d,
20260525T192011Z,2026-05-25T19:22:20+00:00,gdelt_civil_unrest_watch,civil_unrest,GDELT protest / riot / unrest volume,gdelt_timeline,ok,356789.0,,gdelt_timeline_volume,90,critical,0.75,,,,False,https://api.gdeltproject.org/api/v2/doc/doc?query=%28%22civil+unrest%22+OR+protest+OR+riot+OR+%22mass+demonstration%22%29&mode=timelinevolinfo&format=json&timespan=7d,
20260526T023747Z,2026-05-26T02:38:17+00:00,fred_financial_stress_stlfsi4,banking_cre,FRED St. Louis Fed Financial Stress Index,csv,error,,,index,25,negative_space,0.05,,,,True,https://fred.stlouisfed.org/graph/fredgraph.csv?id=STLFSI4,"HTTPSConnectionPool(host='fred.stlouisfed.org', port=443): Read timed out. (read timeout=30)"
20260526T023747Z,2026-05-26T02:38:48+00:00,fred_cre_delinquency_all_banks,banking_cre,FRED commercial real estate delinquency rate,csv,error,,,percent,25,negative_space,0.05,,,,True,https://fred.stlouisfed.org/graph/fredgraph.csv?id=DRSFRMACBS,"HTTPSConnectionPool(host='fred.stlouisfed.org', port=443): Read timed out. (read timeout=30)"
20260526T023747Z,2026-05-26T02:38:49+00:00,federal_reserve_stress_test_watch,banking_cre,Federal Reserve stress test page watch,text_watch,ok,,,keyword_hits,85,critical,0.5,,,8,False,https://www.federalreserve.gov/supervisionreg/dfa-stress-tests.htm,
20260526T023747Z,2026-05-26T02:38:49+00:00,fao_food_price_index_watch,food,FAO Food Price Index watch,text_watch,ok,,,keyword_hits,85,critical,0.5,,,46,False,https://www.fao.org/worldfoodsituation/foodpricesindex/en/,
20260526T023747Z,2026-05-26T02:38:50+00:00,world_bank_commodities_food_watch,food,World Bank commodity food market watch,text_watch,ok,,,keyword_hits,85,critical,0.5,,,40,False,https://www.worldbank.org/en/research/commodity-markets,
20260526T023747Z,2026-05-26T02:38:59+00:00,gdelt_food_shortage_watch,food,GDELT food shortage / food inflation volume,gdelt_timeline,error,,,gdelt_timeline_volume,25,negative_space,0.05,,,,True,"(""food shortage"" OR ""food crisis"" OR ""food price inflation"" OR ""fertilizer shortage"")",429 Client Error: Too Many Requests for url: https://api.gdeltproject.org/api/v2/doc/doc?query=%28%22food+shortage%22+OR+%22food+crisis%22+OR+%22food+price+inflation%22+OR+%22fertilizer+shortage%22%29&mode=timelinevolinfo&format=json&timespan=7d
20260526T023747Z,2026-05-26T02:39:00+00:00,us_drought_monitor_data_watch,water,U.S. Drought Monitor data download watch,text_watch,ok,,,keyword_hits,85,critical,0.5,,,36,False,https://droughtmonitor.unl.edu/DmData/DataDownload.aspx,
20260526T023747Z,2026-05-26T02:39:01+00:00,nasa_grace_groundwater_watch,water,NASA GRACE groundwater watch,text_watch,ok,,,keyword_hits,85,critical,0.5,,,38,False,https://grace.jpl.nasa.gov/,
20260526T023747Z,2026-05-26T02:39:23+00:00,gdelt_water_shortage_watch,water,GDELT water shortage / rationing volume,gdelt_timeline,ok,66053.0,,gdelt_timeline_volume,90,critical,0.75,,,,False,https://api.gdeltproject.org/api/v2/doc/doc?query=%28%22water+shortage%22+OR+%22water+rationing%22+OR+%22aquifer+depletion%22+OR+%22reservoir+levels%22%29&mode=timelinevolinfo&format=json&timespan=7d,
20260526T023747Z,2026-05-26T02:39:25+00:00,usgs_mineral_commodity_summaries_watch,critical_minerals,USGS mineral commodity summaries watch,text_watch,ok,,,keyword_hits,5,monitor,0.5,,,0,False,https://www.usgs.gov/centers/national-minerals-information-center/mineral-commodity-summaries,
20260526T023747Z,2026-05-26T02:39:40+00:00,gdelt_copper_lithium_shortage_watch,critical_minerals,GDELT copper / lithium shortage volume,gdelt_timeline,ok,10850.0,,gdelt_timeline_volume,90,critical,0.75,,,,False,https://api.gdeltproject.org/api/v2/doc/doc?query=%28%22copper+shortage%22+OR+%22lithium+deficit%22+OR+%22critical+minerals+shortage%22+OR+%22battery+minerals+shortage%22%29&mode=timelinevolinfo&format=json&timespan=7d,
20260526T023747Z,2026-05-26T02:39:41+00:00,pew_public_trust_watch,institutional_trust,Pew public trust in government watch,text_watch,ok,,,keyword_hits,85,critical,0.5,,,80,False,https://www.pewresearch.org/politics/2024/06/24/public-trust-in-government-1958-2024/,
20260526T023747Z,2026-05-26T02:39:59+00:00,gdelt_polarization_legitimacy_watch,institutional_trust,GDELT polarization / legitimacy stress volume,gdelt_timeline,ok,239569.0,,gdelt_timeline_volume,90,critical,0.75,,,,False,https://api.gdeltproject.org/api/v2/doc/doc?query=%28%22political+polarization%22+OR+%22institutional+trust%22+OR+%22government+legitimacy%22+OR+%22elected+officials%22%29&mode=timelinevolinfo&format=json&timespan=7d,
20260526T023747Z,2026-05-26T02:40:32+00:00,gdelt_supply_chain_disruption_watch,supply_chain,GDELT supply chain disruption volume,gdelt_timeline,error,,,gdelt_timeline_volume,25,negative_space,0.05,,,,True,"(""supply chain disruption"" OR ""port congestion"" OR ""shipping disruption"" OR ""trade bottleneck"")","HTTPSConnectionPool(host='api.gdeltproject.org', port=443): Read timed out. (read timeout=30)"
20260526T023747Z,2026-05-26T02:40:38+00:00,gdelt_civil_unrest_watch,civil_unrest,GDELT protest / riot / unrest volume,gdelt_timeline,error,,,gdelt_timeline_volume,25,negative_space,0.05,,,,True,"(""civil unrest"" OR protest OR riot OR ""mass demonstration"")",429 Client Error: Too Many Requests for url: https://api.gdeltproject.org/api/v2/doc/doc?query=%28%22civil+unrest%22+OR+protest+OR+riot+OR+%22mass+demonstration%22%29&mode=timelinevolinfo&format=json&timespan=7d
20260526T094131Z,2026-05-26T09:42:01+00:00,fred_financial_stress_stlfsi4,banking_cre,FRED St. Louis Fed Financial Stress Index,csv,error,,,index,25,negative_space,0.05,,,,True,https://fred.stlouisfed.org/graph/fredgraph.csv?id=STLFSI4,"HTTPSConnectionPool(host='fred.stlouisfed.org', port=443): Read timed out. (read timeout=30)"
20260526T094131Z,2026-05-26T09:42:32+00:00,fred_cre_delinquency_all_banks,banking_cre,FRED commercial real estate delinquency rate,csv,error,,,percent,25,negative_space,0.05,,,,True,https://fred.stlouisfed.org/graph/fredgraph.csv?id=DRSFRMACBS,"HTTPSConnectionPool(host='fred.stlouisfed.org', port=443): Read timed out. (read timeout=30)"
20260526T094131Z,2026-05-26T09:42:33+00:00,federal_reserve_stress_test_watch,banking_cre,Federal Reserve stress test page watch,text_watch,ok,,,keyword_hits,85,critical,0.5,,,8,False,https://www.federalreserve.gov/supervisionreg/dfa-stress-tests.htm,
20260526T094131Z,2026-05-26T09:42:33+00:00,fao_food_price_index_watch,food,FAO Food Price Index watch,text_watch,ok,,,keyword_hits,85,critical,0.5,,,46,False,https://www.fao.org/worldfoodsituation/foodpricesindex/en/,
20260526T094131Z,2026-05-26T09:42:34+00:00,world_bank_commodities_food_watch,food,World Bank commodity food market watch,text_watch,ok,,,keyword_hits,85,critical,0.5,,,40,False,https://www.worldbank.org/en/research/commodity-markets,
20260526T094131Z,2026-05-26T09:42:54+00:00,gdelt_food_shortage_watch,food,GDELT food shortage / food inflation volume,gdelt_timeline,ok,139035.0,,gdelt_timeline_volume,90,critical,0.75,,,,False,https://api.gdeltproject.org/api/v2/doc/doc?query=%28%22food+shortage%22+OR+%22food+crisis%22+OR+%22food+price+inflation%22+OR+%22fertilizer+shortage%22%29&mode=timelinevolinfo&format=json&timespan=7d,
20260526T094131Z,2026-05-26T09:42:54+00:00,us_drought_monitor_data_watch,water,U.S. Drought Monitor data download watch,text_watch,ok,,,keyword_hits,85,critical,0.5,,,36,False,https://droughtmonitor.unl.edu/DmData/DataDownload.aspx,
20260526T094131Z,2026-05-26T09:42:55+00:00,nasa_grace_groundwater_watch,water,NASA GRACE groundwater watch,text_watch,ok,,,keyword_hits,85,critical,0.5,,,38,False,https://grace.jpl.nasa.gov/,
20260526T094131Z,2026-05-26T09:43:03+00:00,gdelt_water_shortage_watch,water,GDELT water shortage / rationing volume,gdelt_timeline,ok,67130.0,,gdelt_timeline_volume,90,critical,0.75,,,,False,https://api.gdeltproject.org/api/v2/doc/doc?query=%28%22water+shortage%22+OR+%22water+rationing%22+OR+%22aquifer+depletion%22+OR+%22reservoir+levels%22%29&mode=timelinevolinfo&format=json&timespan=7d,
20260526T094131Z,2026-05-26T09:43:05+00:00,usgs_mineral_commodity_summaries_watch,critical_minerals,USGS mineral commodity summaries watch,text_watch,ok,,,keyword_hits,5,monitor,0.5,,,0,False,https://www.usgs.gov/centers/national-minerals-information-center/mineral-commodity-summaries,
20260526T094131Z,2026-05-26T09:43:24+00:00,gdelt_copper_lithium_shortage_watch,critical_minerals,GDELT copper / lithium shortage volume,gdelt_timeline,ok,10789.0,,gdelt_timeline_volume,90,critical,0.75,,,,False,https://api.gdeltproject.org/api/v2/doc/doc?query=%28%22copper+shortage%22+OR+%22lithium+deficit%22+OR+%22critical+minerals+shortage%22+OR+%22battery+minerals+shortage%22%29&mode=timelinevolinfo&format=json&timespan=7d,
20260526T094131Z,2026-05-26T09:43:25+00:00,pew_public_trust_watch,institutional_trust,Pew public trust in government watch,text_watch,error,,,,25,negative_space,0.05,,,,True,https://www.pewresearch.org/politics/2024/06/24/public-trust-in-government-1958-2024/,403 Client Error: Forbidden for url: https://www.pewresearch.org/politics/2024/06/24/public-trust-in-government-1958-2024/
20260526T094131Z,2026-05-26T09:43:46+00:00,gdelt_polarization_legitimacy_watch,institutional_trust,GDELT polarization / legitimacy stress volume,gdelt_timeline,ok,236544.0,,gdelt_timeline_volume,90,critical,0.75,,,,False,https://api.gdeltproject.org/api/v2/doc/doc?query=%28%22political+polarization%22+OR+%22institutional+trust%22+OR+%22government+legitimacy%22+OR+%22elected+officials%22%29&mode=timelinevolinfo&format=json&timespan=7d,
20260526T094131Z,2026-05-26T09:44:08+00:00,gdelt_supply_chain_disruption_watch,supply_chain,GDELT supply chain disruption volume,gdelt_timeline,ok,40146.0,,gdelt_timeline_volume,90,critical,0.75,,,,False,https://api.gdeltproject.org/api/v2/doc/doc?query=%28%22supply+chain+disruption%22+OR+%22port+congestion%22+OR+%22shipping+disruption%22+OR+%22trade+bottleneck%22%29&mode=timelinevolinfo&format=json&timespan=7d,
20260526T094131Z,2026-05-26T09:44:15+00:00,gdelt_civil_unrest_watch,civil_unrest,GDELT protest / riot / unrest volume,gdelt_timeline,error,,,gdelt_timeline_volume,25,negative_space,0.05,,,,True,"(""civil unrest"" OR protest OR riot OR ""mass demonstration"")",429 Client Error: Too Many Requests for url: https://api.gdeltproject.org/api/v2/doc/doc?query=%28%22civil+unrest%22+OR+protest+OR+riot+OR+%22mass+demonstration%22%29&mode=timelinevolinfo&format=json&timespan=7d
20260526T145338Z,2026-05-26T14:54:09+00:00,fred_financial_stress_stlfsi4,banking_cre,FRED St. Louis Fed Financial Stress Index,csv,error,,,index,25,negative_space,0.05,,,,True,https://fred.stlouisfed.org/graph/fredgraph.csv?id=STLFSI4,"HTTPSConnectionPool(host='fred.stlouisfed.org', port=443): Read timed out. (read timeout=30)"
20260526T145338Z,2026-05-26T14:54:40+00:00,fred_cre_delinquency_all_banks,banking_cre,FRED commercial real estate delinquency rate,csv,error,,,percent,25,negative_space,0.05,,,,True,https://fred.stlouisfed.org/graph/fredgraph.csv?id=DRSFRMACBS,"HTTPSConnectionPool(host='fred.stlouisfed.org', port=443): Read timed out. (read timeout=30)"
20260526T145338Z,2026-05-26T14:54:40+00:00,federal_reserve_stress_test_watch,banking_cre,Federal Reserve stress test page watch,text_watch,ok,,,keyword_hits,85,critical,0.5,,,8,False,https://www.federalreserve.gov/supervisionreg/dfa-stress-tests.htm,
20260526T145338Z,2026-05-26T14:54:41+00:00,fao_food_price_index_watch,food,FAO Food Price Index watch,text_watch,ok,,,keyword_hits,85,critical,0.5,,,46,False,https://www.fao.org/worldfoodsituation/foodpricesindex/en/,
20260526T145338Z,2026-05-26T14:54:42+00:00,world_bank_commodities_food_watch,food,World Bank commodity food market watch,text_watch,ok,,,keyword_hits,85,critical,0.5,,,40,False,https://www.worldbank.org/en/research/commodity-markets,
20260526T145338Z,2026-05-26T14:54:48+00:00,gdelt_food_shortage_watch,food,GDELT food shortage / food inflation volume,gdelt_timeline,error,,,gdelt_timeline_volume,25,negative_space,0.05,,,,True,"(""food shortage"" OR ""food crisis"" OR ""food price inflation"" OR ""fertilizer shortage"")",429 Client Error: Too Many Requests for url: https://api.gdeltproject.org/api/v2/doc/doc?query=%28%22food+shortage%22+OR+%22food+crisis%22+OR+%22food+price+inflation%22+OR+%22fertilizer+shortage%22%29&mode=timelinevolinfo&format=json&timespan=7d
20260526T145338Z,2026-05-26T14:55:05+00:00,us_drought_monitor_data_watch,water,U.S. Drought Monitor data download watch,text_watch,ok,,,keyword_hits,85,critical,0.5,,,36,False,https://droughtmonitor.unl.edu/DmData/DataDownload.aspx,
20260526T145338Z,2026-05-26T14:55:07+00:00,nasa_grace_groundwater_watch,water,NASA GRACE groundwater watch,text_watch,ok,,,keyword_hits,85,critical,0.5,,,38,False,https://grace.jpl.nasa.gov/,
20260526T145338Z,2026-05-26T14:55:21+00:00,gdelt_water_shortage_watch,water,GDELT water shortage / rationing volume,gdelt_timeline,ok,66350.0,,gdelt_timeline_volume,90,critical,0.75,,,,False,https://api.gdeltproject.org/api/v2/doc/doc?query=%28%22water+shortage%22+OR+%22water+rationing%22+OR+%22aquifer+depletion%22+OR+%22reservoir+levels%22%29&mode=timelinevolinfo&format=json&timespan=7d,
20260526T145338Z,2026-05-26T14:55:23+00:00,usgs_mineral_commodity_summaries_watch,critical_minerals,USGS mineral commodity summaries watch,text_watch,ok,,,keyword_hits,5,monitor,0.5,,,0,False,https://www.usgs.gov/centers/national-minerals-information-center/mineral-commodity-summaries,
20260526T145338Z,2026-05-26T14:55:46+00:00,gdelt_copper_lithium_shortage_watch,critical_minerals,GDELT copper / lithium shortage volume,gdelt_timeline,ok,10728.0,,gdelt_timeline_volume,90,critical,0.75,,,,False,https://api.gdeltproject.org/api/v2/doc/doc?query=%28%22copper+shortage%22+OR+%22lithium+deficit%22+OR+%22critical+minerals+shortage%22+OR+%22battery+minerals+shortage%22%29&mode=timelinevolinfo&format=json&timespan=7d,
20260526T145338Z,2026-05-26T14:55:48+00:00,pew_public_trust_watch,institutional_trust,Pew public trust in government watch,text_watch,ok,,,keyword_hits,85,critical,0.5,,,80,False,https://www.pewresearch.org/politics/2024/06/24/public-trust-in-government-1958-2024/,
20260526T145338Z,2026-05-26T14:55:55+00:00,gdelt_polarization_legitimacy_watch,institutional_trust,GDELT polarization / legitimacy stress volume,gdelt_timeline,error,,,gdelt_timeline_volume,25,negative_space,0.05,,,,True,"(""political polarization"" OR ""institutional trust"" OR ""government legitimacy"" OR ""elected officials"")",429 Client Error: Too Many Requests for url: https://api.gdeltproject.org/api/v2/doc/doc?query=%28%22political+polarization%22+OR+%22institutional+trust%22+OR+%22government+legitimacy%22+OR+%22elected+officials%22%29&mode=timelinevolinfo&format=json&timespan=7d
20260526T145338Z,2026-05-26T14:56:17+00:00,gdelt_supply_chain_disruption_watch,supply_chain,GDELT supply chain disruption volume,gdelt_timeline,ok,38310.0,,gdelt_timeline_volume,90,critical,0.75,,,,False,https://api.gdeltproject.org/api/v2/doc/doc?query=%28%22supply+chain+disruption%22+OR+%22port+congestion%22+OR+%22shipping+disruption%22+OR+%22trade+bottleneck%22%29&mode=timelinevolinfo&format=json&timespan=7d,
20260526T145338Z,2026-05-26T14:56:23+00:00,gdelt_civil_unrest_watch,civil_unrest,GDELT protest / riot / unrest volume,gdelt_timeline,error,,,gdelt_timeline_volume,25,negative_space,0.05,,,,True,"(""civil unrest"" OR protest OR riot OR ""mass demonstration"")",429 Client Error: Too Many Requests for url: https://api.gdeltproject.org/api/v2/doc/doc?query=%28%22civil+unrest%22+OR+protest+OR+riot+OR+%22mass+demonstration%22%29&mode=timelinevolinfo&format=json&timespan=7d
20260526T200153Z,2026-05-26T20:02:24+00:00,fred_financial_stress_stlfsi4,banking_cre,FRED St. Louis Fed Financial Stress Index,csv,error,,,index,25,negative_space,0.05,,,,True,https://fred.stlouisfed.org/graph/fredgraph.csv?id=STLFSI4,"HTTPSConnectionPool(host='fred.stlouisfed.org', port=443): Read timed out. (read timeout=30)"
20260526T200153Z,2026-05-26T20:02:54+00:00,fred_cre_delinquency_all_banks,banking_cre,FRED commercial real estate delinquency rate,csv,error,,,percent,25,negative_space,0.05,,,,True,https://fred.stlouisfed.org/graph/fredgraph.csv?id=DRSFRMACBS,"HTTPSConnectionPool(host='fred.stlouisfed.org', port=443): Read timed out. (read timeout=30)"
20260526T200153Z,2026-05-26T20:02:55+00:00,federal_reserve_stress_test_watch,banking_cre,Federal Reserve stress test page watch,text_watch,ok,,,keyword_hits,85,critical,0.5,,,8,False,https://www.federalreserve.gov/supervisionreg/dfa-stress-tests.htm,
20260526T200153Z,2026-05-26T20:02:56+00:00,fao_food_price_index_watch,food,FAO Food Price Index watch,text_watch,ok,,,keyword_hits,85,critical,0.5,,,46,False,https://www.fao.org/worldfoodsituation/foodpricesindex/en/,
20260526T200153Z,2026-05-26T20:02:57+00:00,world_bank_commodities_food_watch,food,World Bank commodity food market watch,text_watch,ok,,,keyword_hits,85,critical,0.5,,,40,False,https://www.worldbank.org/en/research/commodity-markets,
20260526T200153Z,2026-05-26T20:03:08+00:00,gdelt_food_shortage_watch,food,GDELT food shortage / food inflation volume,gdelt_timeline,error,,,gdelt_timeline_volume,25,negative_space,0.05,,,,True,"(""food shortage"" OR ""food crisis"" OR ""food price inflation"" OR ""fertilizer shortage"")",429 Client Error: Too Many Requests for url: https://api.gdeltproject.org/api/v2/doc/doc?query=%28%22food+shortage%22+OR+%22food+crisis%22+OR+%22food+price+inflation%22+OR+%22fertilizer+shortage%22%29&mode=timelinevolinfo&format=json&timespan=7d
20260526T200153Z,2026-05-26T20:03:08+00:00,us_drought_monitor_data_watch,water,U.S. Drought Monitor data download watch,text_watch,ok,,,keyword_hits,85,critical,0.5,,,36,False,https://droughtmonitor.unl.edu/DmData/DataDownload.aspx,
20260526T200153Z,2026-05-26T20:03:10+00:00,nasa_grace_groundwater_watch,water,NASA GRACE groundwater watch,text_watch,ok,,,keyword_hits,85,critical,0.5,,,38,False,https://grace.jpl.nasa.gov/,
20260526T200153Z,2026-05-26T20:03:29+00:00,gdelt_water_shortage_watch,water,GDELT water shortage / rationing volume,gdelt_timeline,ok,67508.0,,gdelt_timeline_volume,90,critical,0.75,,,,False,https://api.gdeltproject.org/api/v2/doc/doc?query=%28%22water+shortage%22+OR+%22water+rationing%22+OR+%22aquifer+depletion%22+OR+%22reservoir+levels%22%29&mode=timelinevolinfo&format=json&timespan=7d,
20260526T200153Z,2026-05-26T20:03:32+00:00,usgs_mineral_commodity_summaries_watch,critical_minerals,USGS mineral commodity summaries watch,text_watch,ok,,,keyword_hits,5,monitor,0.5,,,0,False,https://www.usgs.gov/centers/national-minerals-information-center/mineral-commodity-summaries,
20260526T200153Z,2026-05-26T20:03:49+00:00,gdelt_copper_lithium_shortage_watch,critical_minerals,GDELT copper / lithium shortage volume,gdelt_timeline,ok,10789.0,,gdelt_timeline_volume,90,critical,0.75,,,,False,https://api.gdeltproject.org/api/v2/doc/doc?query=%28%22copper+shortage%22+OR+%22lithium+deficit%22+OR+%22critical+minerals+shortage%22+OR+%22battery+minerals+shortage%22%29&mode=timelinevolinfo&format=json&timespan=7d,
20260526T200153Z,2026-05-26T20:03:49+00:00,pew_public_trust_watch,institutional_trust,Pew public trust in government watch,text_watch,error,,,,25,negative_space,0.05,,,,True,https://www.pewresearch.org/politics/2024/06/24/public-trust-in-government-1958-2024/,403 Client Error: Forbidden for url: https://www.pewresearch.org/politics/2024/06/24/public-trust-in-government-1958-2024/
20260526T200153Z,2026-05-26T20:04:11+00:00,gdelt_polarization_legitimacy_watch,institutional_trust,GDELT polarization / legitimacy stress volume,gdelt_timeline,ok,246002.0,,gdelt_timeline_volume,90,critical,0.75,,,,False,https://api.gdeltproject.org/api/v2/doc/doc?query=%28%22political+polarization%22+OR+%22institutional+trust%22+OR+%22government+legitimacy%22+OR+%22elected+officials%22%29&mode=timelinevolinfo&format=json&timespan=7d,
20260526T200153Z,2026-05-26T20:04:42+00:00,gdelt_supply_chain_disruption_watch,supply_chain,GDELT supply chain disruption volume,gdelt_timeline,error,,,gdelt_timeline_volume,25,negative_space,0.05,,,,True,"(""supply chain disruption"" OR ""port congestion"" OR ""shipping disruption"" OR ""trade bottleneck"")","HTTPSConnectionPool(host='api.gdeltproject.org', port=443): Max retries exceeded with url: /api/v2/doc/doc?query=%28%22supply+chain+disruption%22+OR+%22port+congestion%22+OR+%22shipping+disruption%22+OR+%22trade+bottleneck%22%29&mode=timelinevolinfo&format=json&timespan=7d (Caused by ConnectTimeoutError(<HTTPSConnection(host='api.gdeltproject.org', port=443) at 0x7f4e033cb550>, 'Connection to api.gdeltproject.org timed out. (connect timeout=30)'))"
20260526T200153Z,2026-05-26T20:04:51+00:00,gdelt_civil_unrest_watch,civil_unrest,GDELT protest / riot / unrest volume,gdelt_timeline,error,,,gdelt_timeline_volume,25,negative_space,0.05,,,,True,"(""civil unrest"" OR protest OR riot OR ""mass demonstration"")",429 Client Error: Too Many Requests for url: https://api.gdeltproject.org/api/v2/doc/doc?query=%28%22civil+unrest%22+OR+protest+OR+riot+OR+%22mass+demonstration%22%29&mode=timelinevolinfo&format=json&timespan=7d
20260527T024811Z,2026-05-27T02:48:41+00:00,fred_financial_stress_stlfsi4,banking_cre,FRED St. Louis Fed Financial Stress Index,csv,error,,,index,25,negative_space,0.05,,,,True,https://fred.stlouisfed.org/graph/fredgraph.csv?id=STLFSI4,"HTTPSConnectionPool(host='fred.stlouisfed.org', port=443): Read timed out. (read timeout=30)"
20260527T024811Z,2026-05-27T02:49:12+00:00,fred_cre_delinquency_all_banks,banking_cre,FRED commercial real estate delinquency rate,csv,error,,,percent,25,negative_space,0.05,,,,True,https://fred.stlouisfed.org/graph/fredgraph.csv?id=DRSFRMACBS,"HTTPSConnectionPool(host='fred.stlouisfed.org', port=443): Read timed out. (read timeout=30)"
20260527T024811Z,2026-05-27T02:49:13+00:00,federal_reserve_stress_test_watch,banking_cre,Federal Reserve stress test page watch,text_watch,ok,,,keyword_hits,85,critical,0.5,,,8,False,https://www.federalreserve.gov/supervisionreg/dfa-stress-tests.htm,
20260527T024811Z,2026-05-27T02:49:13+00:00,fao_food_price_index_watch,food,FAO Food Price Index watch,text_watch,ok,,,keyword_hits,85,critical,0.5,,,46,False,https://www.fao.org/worldfoodsituation/foodpricesindex/en/,
20260527T024811Z,2026-05-27T02:49:14+00:00,world_bank_commodities_food_watch,food,World Bank commodity food market watch,text_watch,ok,,,keyword_hits,85,critical,0.5,,,40,False,https://www.worldbank.org/en/research/commodity-markets,
20260527T024811Z,2026-05-27T02:49:22+00:00,gdelt_food_shortage_watch,food,GDELT food shortage / food inflation volume,gdelt_timeline,error,,,gdelt_timeline_volume,25,negative_space,0.05,,,,True,"(""food shortage"" OR ""food crisis"" OR ""food price inflation"" OR ""fertilizer shortage"")",429 Client Error: Too Many Requests for url: https://api.gdeltproject.org/api/v2/doc/doc?query=%28%22food+shortage%22+OR+%22food+crisis%22+OR+%22food+price+inflation%22+OR+%22fertilizer+shortage%22%29&mode=timelinevolinfo&format=json&timespan=7d
20260527T024811Z,2026-05-27T02:49:22+00:00,us_drought_monitor_data_watch,water,U.S. Drought Monitor data download watch,text_watch,ok,,,keyword_hits,85,critical,0.5,,,36,False,https://droughtmonitor.unl.edu/DmData/DataDownload.aspx,
20260527T024811Z,2026-05-27T02:49:24+00:00,nasa_grace_groundwater_watch,water,NASA GRACE groundwater watch,text_watch,ok,,,keyword_hits,85,critical,0.5,,,38,False,https://grace.jpl.nasa.gov/,
20260527T024811Z,2026-05-27T02:49:39+00:00,gdelt_water_shortage_watch,water,GDELT water shortage / rationing volume,gdelt_timeline,ok,68984.0,,gdelt_timeline_volume,90,critical,0.75,,,,False,https://api.gdeltproject.org/api/v2/doc/doc?query=%28%22water+shortage%22+OR+%22water+rationing%22+OR+%22aquifer+depletion%22+OR+%22reservoir+levels%22%29&mode=timelinevolinfo&format=json&timespan=7d,
20260527T024811Z,2026-05-27T02:49:42+00:00,usgs_mineral_commodity_summaries_watch,critical_minerals,USGS mineral commodity summaries watch,text_watch,ok,,,keyword_hits,5,monitor,0.5,,,0,False,https://www.usgs.gov/centers/national-minerals-information-center/mineral-commodity-summaries,
20260527T024811Z,2026-05-27T02:49:48+00:00,gdelt_copper_lithium_shortage_watch,critical_minerals,GDELT copper / lithium shortage volume,gdelt_timeline,error,,,gdelt_timeline_volume,25,negative_space,0.05,,,,True,"(""copper shortage"" OR ""lithium deficit"" OR ""critical minerals shortage"" OR ""battery minerals shortage"")",429 Client Error: Too Many Requests for url: https://api.gdeltproject.org/api/v2/doc/doc?query=%28%22copper+shortage%22+OR+%22lithium+deficit%22+OR+%22critical+minerals+shortage%22+OR+%22battery+minerals+shortage%22%29&mode=timelinevolinfo&format=json&timespan=7d
20260527T024811Z,2026-05-27T02:49:50+00:00,pew_public_trust_watch,institutional_trust,Pew public trust in government watch,text_watch,ok,,,keyword_hits,85,critical,0.5,,,80,False,https://www.pewresearch.org/politics/2024/06/24/public-trust-in-government-1958-2024/,
20260527T024811Z,2026-05-27T02:49:57+00:00,gdelt_polarization_legitimacy_watch,institutional_trust,GDELT polarization / legitimacy stress volume,gdelt_timeline,error,,,gdelt_timeline_volume,25,negative_space,0.05,,,,True,"(""political polarization"" OR ""institutional trust"" OR ""government legitimacy"" OR ""elected officials"")",429 Client Error: Too Many Requests for url: https://api.gdeltproject.org/api/v2/doc/doc?query=%28%22political+polarization%22+OR+%22institutional+trust%22+OR+%22government+legitimacy%22+OR+%22elected+officials%22%29&mode=timelinevolinfo&format=json&timespan=7d
20260527T024811Z,2026-05-27T02:50:03+00:00,gdelt_supply_chain_disruption_watch,supply_chain,GDELT supply chain disruption volume,gdelt_timeline,error,,,gdelt_timeline_volume,25,negative_space,0.05,,,,True,"(""supply chain disruption"" OR ""port congestion"" OR ""shipping disruption"" OR ""trade bottleneck"")",429 Client Error: Too Many Requests for url: https://api.gdeltproject.org/api/v2/doc/doc?query=%28%22supply+chain+disruption%22+OR+%22port+congestion%22+OR+%22shipping+disruption%22+OR+%22trade+bottleneck%22%29&mode=timelinevolinfo&format=json&timespan=7d
20260527T024811Z,2026-05-27T02:50:11+00:00,gdelt_civil_unrest_watch,civil_unrest,GDELT protest / riot / unrest volume,gdelt_timeline,error,,,gdelt_timeline_volume,25,negative_space,0.05,,,,True,"(""civil unrest"" OR protest OR riot OR ""mass demonstration"")",429 Client Error: Too Many Requests for url: https://api.gdeltproject.org/api/v2/doc/doc?query=%28%22civil+unrest%22+OR+protest+OR+riot+OR+%22mass+demonstration%22%29&mode=timelinevolinfo&format=json&timespan=7d
20260527T093544Z,2026-05-27T09:36:14+00:00,fred_financial_stress_stlfsi4,banking_cre,FRED St. Louis Fed Financial Stress Index,csv,error,,,index,25,negative_space,0.05,,,,True,https://fred.stlouisfed.org/graph/fredgraph.csv?id=STLFSI4,"HTTPSConnectionPool(host='fred.stlouisfed.org', port=443): Read timed out. (read timeout=30)"
20260527T093544Z,2026-05-27T09:36:45+00:00,fred_cre_delinquency_all_banks,banking_cre,FRED commercial real estate delinquency rate,csv,error,,,percent,25,negative_space,0.05,,,,True,https://fred.stlouisfed.org/graph/fredgraph.csv?id=DRSFRMACBS,"HTTPSConnectionPool(host='fred.stlouisfed.org', port=443): Read timed out. (read timeout=30)"
20260527T093544Z,2026-05-27T09:36:45+00:00,federal_reserve_stress_test_watch,banking_cre,Federal Reserve stress test page watch,text_watch,ok,,,keyword_hits,85,critical,0.5,,,8,False,https://www.federalreserve.gov/supervisionreg/dfa-stress-tests.htm,
20260527T093544Z,2026-05-27T09:36:46+00:00,fao_food_price_index_watch,food,FAO Food Price Index watch,text_watch,ok,,,keyword_hits,85,critical,0.5,,,46,False,https://www.fao.org/worldfoodsituation/foodpricesindex/en/,
20260527T093544Z,2026-05-27T09:36:46+00:00,world_bank_commodities_food_watch,food,World Bank commodity food market watch,text_watch,ok,,,keyword_hits,85,critical,0.5,,,40,False,https://www.worldbank.org/en/research/commodity-markets,
20260527T093544Z,2026-05-27T09:36:52+00:00,gdelt_food_shortage_watch,food,GDELT food shortage / food inflation volume,gdelt_timeline,error,,,gdelt_timeline_volume,25,negative_space,0.05,,,,True,"(""food shortage"" OR ""food crisis"" OR ""food price inflation"" OR ""fertilizer shortage"")",429 Client Error: Too Many Requests for url: https://api.gdeltproject.org/api/v2/doc/doc?query=%28%22food+shortage%22+OR+%22food+crisis%22+OR+%22food+price+inflation%22+OR+%22fertilizer+shortage%22%29&mode=timelinevolinfo&format=json&timespan=7d
20260527T093544Z,2026-05-27T09:36:53+00:00,us_drought_monitor_data_watch,water,U.S. Drought Monitor data download watch,text_watch,ok,,,keyword_hits,85,critical,0.5,,,36,False,https://droughtmonitor.unl.edu/DmData/DataDownload.aspx,
20260527T093544Z,2026-05-27T09:36:54+00:00,nasa_grace_groundwater_watch,water,NASA GRACE groundwater watch,text_watch,ok,,,keyword_hits,85,critical,0.5,,,38,False,https://grace.jpl.nasa.gov/,
20260527T093544Z,2026-05-27T09:36:59+00:00,gdelt_water_shortage_watch,water,GDELT water shortage / rationing volume,gdelt_timeline,error,,,gdelt_timeline_volume,25,negative_space,0.05,,,,True,"(""water shortage"" OR ""water rationing"" OR ""aquifer depletion"" OR ""reservoir levels"")",429 Client Error: Too Many Requests for url: https://api.gdeltproject.org/api/v2/doc/doc?query=%28%22water+shortage%22+OR+%22water+rationing%22+OR+%22aquifer+depletion%22+OR+%22reservoir+levels%22%29&mode=timelinevolinfo&format=json&timespan=7d
20260527T093544Z,2026-05-27T09:37:01+00:00,usgs_mineral_commodity_summaries_watch,critical_minerals,USGS mineral commodity summaries watch,text_watch,ok,,,keyword_hits,5,monitor,0.5,,,0,False,https://www.usgs.gov/centers/national-minerals-information-center/mineral-commodity-summaries,
20260527T093544Z,2026-05-27T09:37:24+00:00,gdelt_copper_lithium_shortage_watch,critical_minerals,GDELT copper / lithium shortage volume,gdelt_timeline,ok,10728.0,,gdelt_timeline_volume,90,critical,0.75,,,,False,https://api.gdeltproject.org/api/v2/doc/doc?query=%28%22copper+shortage%22+OR+%22lithium+deficit%22+OR+%22critical+minerals+shortage%22+OR+%22battery+minerals+shortage%22%29&mode=timelinevolinfo&format=json&timespan=7d,
20260527T093544Z,2026-05-27T09:37:25+00:00,pew_public_trust_watch,institutional_trust,Pew public trust in government watch,text_watch,ok,,,keyword_hits,85,critical,0.5,,,80,False,https://www.pewresearch.org/politics/2024/06/24/public-trust-in-government-1958-2024/,
20260527T093544Z,2026-05-27T09:37:41+00:00,gdelt_polarization_legitimacy_watch,institutional_trust,GDELT polarization / legitimacy stress volume,gdelt_timeline,ok,248381.0,,gdelt_timeline_volume,90,critical,0.75,,,,False,https://api.gdeltproject.org/api/v2/doc/doc?query=%28%22political+polarization%22+OR+%22institutional+trust%22+OR+%22government+legitimacy%22+OR+%22elected+officials%22%29&mode=timelinevolinfo&format=json&timespan=7d,
20260527T093544Z,2026-05-27T09:38:12+00:00,gdelt_supply_chain_disruption_watch,supply_chain,GDELT supply chain disruption volume,gdelt_timeline,error,,,gdelt_timeline_volume,25,negative_space,0.05,,,,True,"(""supply chain disruption"" OR ""port congestion"" OR ""shipping disruption"" OR ""trade bottleneck"")","HTTPSConnectionPool(host='api.gdeltproject.org', port=443): Max retries exceeded with url: /api/v2/doc/doc?query=%28%22supply+chain+disruption%22+OR+%22port+congestion%22+OR+%22shipping+disruption%22+OR+%22trade+bottleneck%22%29&mode=timelinevolinfo&format=json&timespan=7d (Caused by ConnectTimeoutError(<HTTPSConnection(host='api.gdeltproject.org', port=443) at 0x7fcee3152390>, 'Connection to api.gdeltproject.org timed out. (connect timeout=30)'))"
20260527T093544Z,2026-05-27T09:38:21+00:00,gdelt_civil_unrest_watch,civil_unrest,GDELT protest / riot / unrest volume,gdelt_timeline,ok,359206.0,,gdelt_timeline_volume,90,critical,0.75,,,,False,https://api.gdeltproject.org/api/v2/doc/doc?query=%28%22civil+unrest%22+OR+protest+OR+riot+OR+%22mass+demonstration%22%29&mode=timelinevolinfo&format=json&timespan=7d,
20260527T152315Z,2026-05-27T15:23:45+00:00,fred_financial_stress_stlfsi4,banking_cre,FRED St. Louis Fed Financial Stress Index,csv,error,,,index,25,negative_space,0.05,,,,True,https://fred.stlouisfed.org/graph/fredgraph.csv?id=STLFSI4,"HTTPSConnectionPool(host='fred.stlouisfed.org', port=443): Read timed out. (read timeout=30)"
20260527T152315Z,2026-05-27T15:24:16+00:00,fred_cre_delinquency_all_banks,banking_cre,FRED commercial real estate delinquency rate,csv,error,,,percent,25,negative_space,0.05,,,,True,https://fred.stlouisfed.org/graph/fredgraph.csv?id=DRSFRMACBS,"HTTPSConnectionPool(host='fred.stlouisfed.org', port=443): Read timed out. (read timeout=30)"
20260527T152315Z,2026-05-27T15:24:17+00:00,federal_reserve_stress_test_watch,banking_cre,Federal Reserve stress test page watch,text_watch,ok,,,keyword_hits,85,critical,0.5,,,8,False,https://www.federalreserve.gov/supervisionreg/dfa-stress-tests.htm,
20260527T152315Z,2026-05-27T15:24:17+00:00,fao_food_price_index_watch,food,FAO Food Price Index watch,text_watch,ok,,,keyword_hits,85,critical,0.5,,,46,False,https://www.fao.org/worldfoodsituation/foodpricesindex/en/,
20260527T152315Z,2026-05-27T15:24:18+00:00,world_bank_commodities_food_watch,food,World Bank commodity food market watch,text_watch,ok,,,keyword_hits,85,critical,0.5,,,40,False,https://www.worldbank.org/en/research/commodity-markets,
20260527T152315Z,2026-05-27T15:24:27+00:00,gdelt_food_shortage_watch,food,GDELT food shortage / food inflation volume,gdelt_timeline,error,,,gdelt_timeline_volume,25,negative_space,0.05,,,,True,"(""food shortage"" OR ""food crisis"" OR ""food price inflation"" OR ""fertilizer shortage"")",429 Client Error: Too Many Requests for url: https://api.gdeltproject.org/api/v2/doc/doc?query=%28%22food+shortage%22+OR+%22food+crisis%22+OR+%22food+price+inflation%22+OR+%22fertilizer+shortage%22%29&mode=timelinevolinfo&format=json&timespan=7d
20260527T152315Z,2026-05-27T15:24:28+00:00,us_drought_monitor_data_watch,water,U.S. Drought Monitor data download watch,text_watch,ok,,,keyword_hits,85,critical,0.5,,,36,False,https://droughtmonitor.unl.edu/DmData/DataDownload.aspx,
20260527T152315Z,2026-05-27T15:24:29+00:00,nasa_grace_groundwater_watch,water,NASA GRACE groundwater watch,text_watch,ok,,,keyword_hits,85,critical,0.5,,,38,False,https://grace.jpl.nasa.gov/,
20260527T152315Z,2026-05-27T15:24:41+00:00,gdelt_water_shortage_watch,water,GDELT water shortage / rationing volume,gdelt_timeline,error,,,gdelt_timeline_volume,25,negative_space,0.05,,,,True,"(""water shortage"" OR ""water rationing"" OR ""aquifer depletion"" OR ""reservoir levels"")",429 Client Error: Too Many Requests for url: https://api.gdeltproject.org/api/v2/doc/doc?query=%28%22water+shortage%22+OR+%22water+rationing%22+OR+%22aquifer+depletion%22+OR+%22reservoir+levels%22%29&mode=timelinevolinfo&format=json&timespan=7d
20260527T152315Z,2026-05-27T15:24:44+00:00,usgs_mineral_commodity_summaries_watch,critical_minerals,USGS mineral commodity summaries watch,text_watch,ok,,,keyword_hits,5,monitor,0.5,,,0,False,https://www.usgs.gov/centers/national-minerals-information-center/mineral-commodity-summaries,
20260527T152315Z,2026-05-27T15:24:49+00:00,gdelt_copper_lithium_shortage_watch,critical_minerals,GDELT copper / lithium shortage volume,gdelt_timeline,error,,,gdelt_timeline_volume,25,negative_space,0.05,,,,True,"(""copper shortage"" OR ""lithium deficit"" OR ""critical minerals shortage"" OR ""battery minerals shortage"")",429 Client Error: Too Many Requests for url: https://api.gdeltproject.org/api/v2/doc/doc?query=%28%22copper+shortage%22+OR+%22lithium+deficit%22+OR+%22critical+minerals+shortage%22+OR+%22battery+minerals+shortage%22%29&mode=timelinevolinfo&format=json&timespan=7d
20260527T152315Z,2026-05-27T15:24:50+00:00,pew_public_trust_watch,institutional_trust,Pew public trust in government watch,text_watch,ok,,,keyword_hits,85,critical,0.5,,,80,False,https://www.pewresearch.org/politics/2024/06/24/public-trust-in-government-1958-2024/,
20260527T152315Z,2026-05-27T15:24:56+00:00,gdelt_polarization_legitimacy_watch,institutional_trust,GDELT polarization / legitimacy stress volume,gdelt_timeline,error,,,gdelt_timeline_volume,25,negative_space,0.05,,,,True,"(""political polarization"" OR ""institutional trust"" OR ""government legitimacy"" OR ""elected officials"")",429 Client Error: Too Many Requests for url: https://api.gdeltproject.org/api/v2/doc/doc?query=%28%22political+polarization%22+OR+%22institutional+trust%22+OR+%22government+legitimacy%22+OR+%22elected+officials%22%29&mode=timelinevolinfo&format=json&timespan=7d
20260527T152315Z,2026-05-27T15:25:03+00:00,gdelt_supply_chain_disruption_watch,supply_chain,GDELT supply chain disruption volume,gdelt_timeline,ok,44214.0,,gdelt_timeline_volume,90,critical,0.75,,,,False,https://api.gdeltproject.org/api/v2/doc/doc?query=%28%22supply+chain+disruption%22+OR+%22port+congestion%22+OR+%22shipping+disruption%22+OR+%22trade+bottleneck%22%29&mode=timelinevolinfo&format=json&timespan=7d,
20260527T152315Z,2026-05-27T15:25:25+00:00,gdelt_civil_unrest_watch,civil_unrest,GDELT protest / riot / unrest volume,gdelt_timeline,ok,364112.0,,gdelt_timeline_volume,90,critical,0.75,,,,False,https://api.gdeltproject.org/api/v2/doc/doc?query=%28%22civil+unrest%22+OR+protest+OR+riot+OR+%22mass+demonstration%22%29&mode=timelinevolinfo&format=json&timespan=7d,
20260527T200700Z,2026-05-27T20:07:30+00:00,fred_financial_stress_stlfsi4,banking_cre,FRED St. Louis Fed Financial Stress Index,csv,error,,,index,25,negative_space,0.05,,,,True,https://fred.stlouisfed.org/graph/fredgraph.csv?id=STLFSI4,"HTTPSConnectionPool(host='fred.stlouisfed.org', port=443): Read timed out. (read timeout=30)"
20260527T200700Z,2026-05-27T20:08:01+00:00,fred_cre_delinquency_all_banks,banking_cre,FRED commercial real estate delinquency rate,csv,error,,,percent,25,negative_space,0.05,,,,True,https://fred.stlouisfed.org/graph/fredgraph.csv?id=DRSFRMACBS,"HTTPSConnectionPool(host='fred.stlouisfed.org', port=443): Read timed out. (read timeout=30)"
20260527T200700Z,2026-05-27T20:08:01+00:00,federal_reserve_stress_test_watch,banking_cre,Federal Reserve stress test page watch,text_watch,ok,,,keyword_hits,85,critical,0.5,,,8,False,https://www.federalreserve.gov/supervisionreg/dfa-stress-tests.htm,
20260527T200700Z,2026-05-27T20:08:02+00:00,fao_food_price_index_watch,food,FAO Food Price Index watch,text_watch,ok,,,keyword_hits,85,critical,0.5,,,46,False,https://www.fao.org/worldfoodsituation/foodpricesindex/en/,
20260527T200700Z,2026-05-27T20:08:03+00:00,world_bank_commodities_food_watch,food,World Bank commodity food market watch,text_watch,ok,,,keyword_hits,85,critical,0.5,,,40,False,https://www.worldbank.org/en/research/commodity-markets,
20260527T200700Z,2026-05-27T20:08:12+00:00,gdelt_food_shortage_watch,food,GDELT food shortage / food inflation volume,gdelt_timeline,error,,,gdelt_timeline_volume,25,negative_space,0.05,,,,True,"(""food shortage"" OR ""food crisis"" OR ""food price inflation"" OR ""fertilizer shortage"")",429 Client Error: Too Many Requests for url: https://api.gdeltproject.org/api/v2/doc/doc?query=%28%22food+shortage%22+OR+%22food+crisis%22+OR+%22food+price+inflation%22+OR+%22fertilizer+shortage%22%29&mode=timelinevolinfo&format=json&timespan=7d
20260527T200700Z,2026-05-27T20:08:13+00:00,us_drought_monitor_data_watch,water,U.S. Drought Monitor data download watch,text_watch,ok,,,keyword_hits,85,critical,0.5,,,36,False,https://droughtmonitor.unl.edu/DmData/DataDownload.aspx,
20260527T200700Z,2026-05-27T20:08:14+00:00,nasa_grace_groundwater_watch,water,NASA GRACE groundwater watch,text_watch,ok,,,keyword_hits,85,critical,0.5,,,38,False,https://grace.jpl.nasa.gov/,
20260527T200700Z,2026-05-27T20:08:23+00:00,gdelt_water_shortage_watch,water,GDELT water shortage / rationing volume,gdelt_timeline,ok,73080.0,,gdelt_timeline_volume,90,critical,0.75,,,,False,https://api.gdeltproject.org/api/v2/doc/doc?query=%28%22water+shortage%22+OR+%22water+rationing%22+OR+%22aquifer+depletion%22+OR+%22reservoir+levels%22%29&mode=timelinevolinfo&format=json&timespan=7d,
20260527T200700Z,2026-05-27T20:08:25+00:00,usgs_mineral_commodity_summaries_watch,critical_minerals,USGS mineral commodity summaries watch,text_watch,ok,,,keyword_hits,5,monitor,0.5,,,0,False,https://www.usgs.gov/centers/national-minerals-information-center/mineral-commodity-summaries,
20260527T200700Z,2026-05-27T20:08:37+00:00,gdelt_copper_lithium_shortage_watch,critical_minerals,GDELT copper / lithium shortage volume,gdelt_timeline,ok,10606.0,,gdelt_timeline_volume,90,critical,0.75,,,,False,https://api.gdeltproject.org/api/v2/doc/doc?query=%28%22copper+shortage%22+OR+%22lithium+deficit%22+OR+%22critical+minerals+shortage%22+OR+%22battery+minerals+shortage%22%29&mode=timelinevolinfo&format=json&timespan=7d,
20260527T200700Z,2026-05-27T20:08:39+00:00,pew_public_trust_watch,institutional_trust,Pew public trust in government watch,text_watch,ok,,,keyword_hits,85,critical,0.5,,,80,False,https://www.pewresearch.org/politics/2024/06/24/public-trust-in-government-1958-2024/,
20260527T200700Z,2026-05-27T20:09:07+00:00,gdelt_polarization_legitimacy_watch,institutional_trust,GDELT polarization / legitimacy stress volume,gdelt_timeline,ok,237135.0,,gdelt_timeline_volume,90,critical,0.75,,,,False,https://api.gdeltproject.org/api/v2/doc/doc?query=%28%22political+polarization%22+OR+%22institutional+trust%22+OR+%22government+legitimacy%22+OR+%22elected+officials%22%29&mode=timelinevolinfo&format=json&timespan=7d,
20260527T200700Z,2026-05-27T20:09:26+00:00,gdelt_supply_chain_disruption_watch,supply_chain,GDELT supply chain disruption volume,gdelt_timeline,ok,44539.0,,gdelt_timeline_volume,90,critical,0.75,,,,False,https://api.gdeltproject.org/api/v2/doc/doc?query=%28%22supply+chain+disruption%22+OR+%22port+congestion%22+OR+%22shipping+disruption%22+OR+%22trade+bottleneck%22%29&mode=timelinevolinfo&format=json&timespan=7d,
20260527T200700Z,2026-05-27T20:09:46+00:00,gdelt_civil_unrest_watch,civil_unrest,GDELT protest / riot / unrest volume,gdelt_timeline,ok,354164.0,,gdelt_timeline_volume,90,critical,0.75,,,,False,https://api.gdeltproject.org/api/v2/doc/doc?query=%28%22civil+unrest%22+OR+protest+OR+riot+OR+%22mass+demonstration%22%29&mode=timelinevolinfo&format=json&timespan=7d,
20260528T023538Z,2026-05-28T02:36:08+00:00,fred_financial_stress_stlfsi4,banking_cre,FRED St. Louis Fed Financial Stress Index,csv,error,,,index,25,negative_space,0.05,,,,True,https://fred.stlouisfed.org/graph/fredgraph.csv?id=STLFSI4,"HTTPSConnectionPool(host='fred.stlouisfed.org', port=443): Read timed out. (read timeout=30)"
20260528T023538Z,2026-05-28T02:36:39+00:00,fred_cre_delinquency_all_banks,banking_cre,FRED commercial real estate delinquency rate,csv,error,,,percent,25,negative_space,0.05,,,,True,https://fred.stlouisfed.org/graph/fredgraph.csv?id=DRSFRMACBS,"HTTPSConnectionPool(host='fred.stlouisfed.org', port=443): Read timed out. (read timeout=30)"
20260528T023538Z,2026-05-28T02:36:39+00:00,federal_reserve_stress_test_watch,banking_cre,Federal Reserve stress test page watch,text_watch,ok,,,keyword_hits,85,critical,0.5,,,8,False,https://www.federalreserve.gov/supervisionreg/dfa-stress-tests.htm,
20260528T023538Z,2026-05-28T02:36:40+00:00,fao_food_price_index_watch,food,FAO Food Price Index watch,text_watch,ok,,,keyword_hits,85,critical,0.5,,,46,False,https://www.fao.org/worldfoodsituation/foodpricesindex/en/,
20260528T023538Z,2026-05-28T02:36:41+00:00,world_bank_commodities_food_watch,food,World Bank commodity food market watch,text_watch,ok,,,keyword_hits,85,critical,0.5,,,40,False,https://www.worldbank.org/en/research/commodity-markets,
20260528T023538Z,2026-05-28T02:36:49+00:00,gdelt_food_shortage_watch,food,GDELT food shortage / food inflation volume,gdelt_timeline,ok,124922.0,,gdelt_timeline_volume,90,critical,0.75,,,,False,https://api.gdeltproject.org/api/v2/doc/doc?query=%28%22food+shortage%22+OR+%22food+crisis%22+OR+%22food+price+inflation%22+OR+%22fertilizer+shortage%22%29&mode=timelinevolinfo&format=json&timespan=7d,
20260528T023538Z,2026-05-28T02:36:50+00:00,us_drought_monitor_data_watch,water,U.S. Drought Monitor data download watch,text_watch,ok,,,keyword_hits,85,critical,0.5,,,36,False,https://droughtmonitor.unl.edu/DmData/DataDownload.aspx,
20260528T023538Z,2026-05-28T02:36:51+00:00,nasa_grace_groundwater_watch,water,NASA GRACE groundwater watch,text_watch,ok,,,keyword_hits,85,critical,0.5,,,38,False,https://grace.jpl.nasa.gov/,
20260528T023538Z,2026-05-28T02:37:12+00:00,gdelt_water_shortage_watch,water,GDELT water shortage / rationing volume,gdelt_timeline,ok,76695.0,,gdelt_timeline_volume,90,critical,0.75,,,,False,https://api.gdeltproject.org/api/v2/doc/doc?query=%28%22water+shortage%22+OR+%22water+rationing%22+OR+%22aquifer+depletion%22+OR+%22reservoir+levels%22%29&mode=timelinevolinfo&format=json&timespan=7d,
20260528T023538Z,2026-05-28T02:37:14+00:00,usgs_mineral_commodity_summaries_watch,critical_minerals,USGS mineral commodity summaries watch,text_watch,ok,,,keyword_hits,5,monitor,0.5,,,0,False,https://www.usgs.gov/centers/national-minerals-information-center/mineral-commodity-summaries,
20260528T023538Z,2026-05-28T02:37:27+00:00,gdelt_copper_lithium_shortage_watch,critical_minerals,GDELT copper / lithium shortage volume,gdelt_timeline,ok,10850.0,,gdelt_timeline_volume,90,critical,0.75,,,,False,https://api.gdeltproject.org/api/v2/doc/doc?query=%28%22copper+shortage%22+OR+%22lithium+deficit%22+OR+%22critical+minerals+shortage%22+OR+%22battery+minerals+shortage%22%29&mode=timelinevolinfo&format=json&timespan=7d,
20260528T023538Z,2026-05-28T02:37:28+00:00,pew_public_trust_watch,institutional_trust,Pew public trust in government watch,text_watch,ok,,,keyword_hits,85,critical,0.5,,,80,False,https://www.pewresearch.org/politics/2024/06/24/public-trust-in-government-1958-2024/,
20260528T023538Z,2026-05-28T02:37:45+00:00,gdelt_polarization_legitimacy_watch,institutional_trust,GDELT polarization / legitimacy stress volume,gdelt_timeline,ok,244505.0,,gdelt_timeline_volume,90,critical,0.75,,,,False,https://api.gdeltproject.org/api/v2/doc/doc?query=%28%22political+polarization%22+OR+%22institutional+trust%22+OR+%22government+legitimacy%22+OR+%22elected+officials%22%29&mode=timelinevolinfo&format=json&timespan=7d,
20260528T023538Z,2026-05-28T02:38:15+00:00,gdelt_supply_chain_disruption_watch,supply_chain,GDELT supply chain disruption volume,gdelt_timeline,error,,,gdelt_timeline_volume,25,negative_space,0.05,,,,True,"(""supply chain disruption"" OR ""port congestion"" OR ""shipping disruption"" OR ""trade bottleneck"")","HTTPSConnectionPool(host='api.gdeltproject.org', port=443): Max retries exceeded with url: /api/v2/doc/doc?query=%28%22supply+chain+disruption%22+OR+%22port+congestion%22+OR+%22shipping+disruption%22+OR+%22trade+bottleneck%22%29&mode=timelinevolinfo&format=json&timespan=7d (Caused by ConnectTimeoutError(<HTTPSConnection(host='api.gdeltproject.org', port=443) at 0x7f03cc0b1e90>, 'Connection to api.gdeltproject.org timed out. (connect timeout=30)'))"
20260528T023538Z,2026-05-28T02:38:46+00:00,gdelt_civil_unrest_watch,civil_unrest,GDELT protest / riot / unrest volume,gdelt_timeline,ok,363962.0,,gdelt_timeline_volume,90,critical,0.75,,,,False,https://api.gdeltproject.org/api/v2/doc/doc?query=%28%22civil+unrest%22+OR+protest+OR+riot+OR+%22mass+demonstration%22%29&mode=timelinevolinfo&format=json&timespan=7d,
20260528T095231Z,2026-05-28T09:53:02+00:00,fred_financial_stress_stlfsi4,banking_cre,FRED St. Louis Fed Financial Stress Index,csv,error,,,index,25,negative_space,0.05,,,,True,https://fred.stlouisfed.org/graph/fredgraph.csv?id=STLFSI4,"HTTPSConnectionPool(host='fred.stlouisfed.org', port=443): Read timed out. (read timeout=30)"
20260528T095231Z,2026-05-28T09:53:32+00:00,fred_cre_delinquency_all_banks,banking_cre,FRED commercial real estate delinquency rate,csv,error,,,percent,25,negative_space,0.05,,,,True,https://fred.stlouisfed.org/graph/fredgraph.csv?id=DRSFRMACBS,"HTTPSConnectionPool(host='fred.stlouisfed.org', port=443): Read timed out. (read timeout=30)"
20260528T095231Z,2026-05-28T09:53:33+00:00,federal_reserve_stress_test_watch,banking_cre,Federal Reserve stress test page watch,text_watch,ok,,,keyword_hits,85,critical,0.5,,,8,False,https://www.federalreserve.gov/supervisionreg/dfa-stress-tests.htm,
20260528T095231Z,2026-05-28T09:53:33+00:00,fao_food_price_index_watch,food,FAO Food Price Index watch,text_watch,ok,,,keyword_hits,85,critical,0.5,,,46,False,https://www.fao.org/worldfoodsituation/foodpricesindex/en/,
20260528T095231Z,2026-05-28T09:53:34+00:00,world_bank_commodities_food_watch,food,World Bank commodity food market watch,text_watch,ok,,,keyword_hits,85,critical,0.5,,,40,False,https://www.worldbank.org/en/research/commodity-markets,
20260528T095231Z,2026-05-28T09:53:44+00:00,gdelt_food_shortage_watch,food,GDELT food shortage / food inflation volume,gdelt_timeline,error,,,gdelt_timeline_volume,25,negative_space,0.05,,,,True,"(""food shortage"" OR ""food crisis"" OR ""food price inflation"" OR ""fertilizer shortage"")",429 Client Error: Too Many Requests for url: https://api.gdeltproject.org/api/v2/doc/doc?query=%28%22food+shortage%22+OR+%22food+crisis%22+OR+%22food+price+inflation%22+OR+%22fertilizer+shortage%22%29&mode=timelinevolinfo&format=json&timespan=7d
20260528T095231Z,2026-05-28T09:53:45+00:00,us_drought_monitor_data_watch,water,U.S. Drought Monitor data download watch,text_watch,ok,,,keyword_hits,85,critical,0.5,,,36,False,https://droughtmonitor.unl.edu/DmData/DataDownload.aspx,
20260528T095231Z,2026-05-28T09:53:46+00:00,nasa_grace_groundwater_watch,water,NASA GRACE groundwater watch,text_watch,ok,,,keyword_hits,85,critical,0.5,,,38,False,https://grace.jpl.nasa.gov/,
20260528T095231Z,2026-05-28T09:53:58+00:00,gdelt_water_shortage_watch,water,GDELT water shortage / rationing volume,gdelt_timeline,ok,77316.0,,gdelt_timeline_volume,90,critical,0.75,,,,False,https://api.gdeltproject.org/api/v2/doc/doc?query=%28%22water+shortage%22+OR+%22water+rationing%22+OR+%22aquifer+depletion%22+OR+%22reservoir+levels%22%29&mode=timelinevolinfo&format=json&timespan=7d,
20260528T095231Z,2026-05-28T09:54:00+00:00,usgs_mineral_commodity_summaries_watch,critical_minerals,USGS mineral commodity summaries watch,text_watch,ok,,,keyword_hits,5,monitor,0.5,,,0,False,https://www.usgs.gov/centers/national-minerals-information-center/mineral-commodity-summaries,
20260528T095231Z,2026-05-28T09:54:14+00:00,gdelt_copper_lithium_shortage_watch,critical_minerals,GDELT copper / lithium shortage volume,gdelt_timeline,ok,10626.0,,gdelt_timeline_volume,90,critical,0.75,,,,False,https://api.gdeltproject.org/api/v2/doc/doc?query=%28%22copper+shortage%22+OR+%22lithium+deficit%22+OR+%22critical+minerals+shortage%22+OR+%22battery+minerals+shortage%22%29&mode=timelinevolinfo&format=json&timespan=7d,
20260528T095231Z,2026-05-28T09:54:15+00:00,pew_public_trust_watch,institutional_trust,Pew public trust in government watch,text_watch,error,,,,25,negative_space,0.05,,,,True,https://www.pewresearch.org/politics/2024/06/24/public-trust-in-government-1958-2024/,403 Client Error: Forbidden for url: https://www.pewresearch.org/politics/2024/06/24/public-trust-in-government-1958-2024/
20260528T095231Z,2026-05-28T09:54:26+00:00,gdelt_polarization_legitimacy_watch,institutional_trust,GDELT polarization / legitimacy stress volume,gdelt_timeline,ok,244623.0,,gdelt_timeline_volume,90,critical,0.75,,,,False,https://api.gdeltproject.org/api/v2/doc/doc?query=%28%22political+polarization%22+OR+%22institutional+trust%22+OR+%22government+legitimacy%22+OR+%22elected+officials%22%29&mode=timelinevolinfo&format=json&timespan=7d,
20260528T095231Z,2026-05-28T09:54:32+00:00,gdelt_supply_chain_disruption_watch,supply_chain,GDELT supply chain disruption volume,gdelt_timeline,error,,,gdelt_timeline_volume,25,negative_space,0.05,,,,True,"(""supply chain disruption"" OR ""port congestion"" OR ""shipping disruption"" OR ""trade bottleneck"")",429 Client Error: Too Many Requests for url: https://api.gdeltproject.org/api/v2/doc/doc?query=%28%22supply+chain+disruption%22+OR+%22port+congestion%22+OR+%22shipping+disruption%22+OR+%22trade+bottleneck%22%29&mode=timelinevolinfo&format=json&timespan=7d
20260528T095231Z,2026-05-28T09:54:41+00:00,gdelt_civil_unrest_watch,civil_unrest,GDELT protest / riot / unrest volume,gdelt_timeline,error,,,gdelt_timeline_volume,25,negative_space,0.05,,,,True,"(""civil unrest"" OR protest OR riot OR ""mass demonstration"")",429 Client Error: Too Many Requests for url: https://api.gdeltproject.org/api/v2/doc/doc?query=%28%22civil+unrest%22+OR+protest+OR+riot+OR+%22mass+demonstration%22%29&mode=timelinevolinfo&format=json&timespan=7d
